Date,Geography,Cases,Deaths
2020-02-07,Africa,0.0,0.0
2020-02-08,Africa,0.0,0.0
2020-02-09,Africa,0.0,0.0
2020-02-10,Africa,0.0,0.0
2020-02-11,Africa,0.0,0.0
2020-02-12,Africa,0.0,0.0
2020-02-13,Africa,0.0,0.0
2020-02-14,Africa,1.0,0.0
2020-02-15,Africa,0.0,0.0
2020-02-16,Africa,0.0,0.0
2020-02-17,Africa,0.0,0.0
2020-02-18,Africa,0.0,0.0
2020-02-19,Africa,0.0,0.0
2020-02-20,Africa,0.0,0.0
2020-02-21,Africa,0.0,0.0
2020-02-22,Africa,0.0,0.0
2020-02-23,Africa,0.0,0.0
2020-02-24,Africa,0.0,0.0
2020-02-25,Africa,1.0,0.0
2020-02-26,Africa,0.0,0.0
2020-02-27,Africa,0.0,0.0
2020-02-28,Africa,1.0,0.0
2020-02-29,Africa,0.0,0.0
2020-03-01,Africa,1.0,0.0
2020-03-02,Africa,4.0,0.0
2020-03-03,Africa,3.0,0.0
2020-03-04,Africa,10.0,0.0
2020-03-05,Africa,3.0,0.0
2020-03-06,Africa,19.0,0.0
2020-03-07,Africa,0.0,0.0
2020-03-08,Africa,40.0,1.0
2020-03-09,Africa,8.0,0.0
2020-03-10,Africa,13.0,1.0
2020-03-11,Africa,14.0,0.0
2020-03-12,Africa,16.0,1.0
2020-03-13,Africa,42.0,3.0
2020-03-14,Africa,78.0,1.0
2020-03-15,Africa,59.0,1.0
2020-03-16,Africa,87.0,0.0
2020-03-17,Africa,84.0,3.0
2020-03-18,Africa,116.0,6.0
2020-03-19,Africa,180.0,3.0
2020-03-20,Africa,188.0,6.0
2020-03-21,Africa,204.0,10.0
2020-03-22,Africa,265.0,12.0
2020-03-23,Africa,381.0,9.0
2020-03-24,Africa,432.0,7.0
2020-03-25,Africa,523.0,9.0
2020-03-26,Africa,553.0,18.0
2020-03-27,Africa,559.0,24.0
2020-03-28,Africa,340.0,19.0
2020-03-29,Africa,560.0,18.0
2020-03-30,Africa,411.0,21.0
2020-03-31,Africa,585.0,27.0
2020-04-01,Africa,599.0,34.0
2020-04-02,Africa,651.0,53.0
2020-04-03,Africa,882.0,44.0
2020-04-04,Africa,679.0,52.0
2020-04-05,Africa,706.0,61.0
2020-04-06,Africa,701.0,43.0
2020-04-07,Africa,633.0,46.0
2020-04-08,Africa,804.0,41.0
2020-04-09,Africa,812.0,53.0
2020-04-10,Africa,663.0,66.0
2020-04-11,Africa,716.0,49.0
2020-04-12,Africa,864.0,46.0
2020-04-13,Africa,774.0,46.0
2020-04-14,Africa,970.0,39.0
2020-04-15,Africa,957.0,37.0
2020-04-16,Africa,1168.0,55.0
2020-04-17,Africa,1406.0,51.0
2020-04-18,Africa,1306.0,42.0
2020-04-19,Africa,1209.0,63.0
2020-04-20,Africa,1158.0,38.0
2020-04-21,Africa,1070.0,30.0
2020-04-22,Africa,1402.0,51.0
2020-04-23,Africa,1438.0,57.0
2020-04-24,Africa,1719.0,27.0
2020-04-25,Africa,1231.0,51.0
2020-04-26,Africa,1534.0,48.0
2020-04-27,Africa,1334.0,39.0
2020-04-28,Africa,1627.0,61.0
2020-04-29,Africa,2013.0,65.0
2020-04-30,Africa,1946.0,46.0
2020-05-01,Africa,1726.0,58.0
2020-05-02,Africa,2228.0,67.0
2020-05-03,Africa,1594.0,37.0
2020-05-04,Africa,2658.0,46.0
2020-05-05,Africa,2038.0,66.0
2020-05-06,Africa,2546.0,98.0
2020-05-07,Africa,2490.0,67.0
2020-05-08,Africa,3624.0,81.0
2020-05-09,Africa,2850.0,67.0
2020-05-10,Africa,2579.0,69.0
2020-05-11,Africa,3066.0,54.0
2020-05-12,Africa,3160.0,51.0
2020-05-13,Africa,2915.0,98.0
2020-05-14,Africa,3119.0,69.0
2020-05-15,Africa,2928.0,62.0
2020-05-16,Africa,3003.0,84.0
2020-05-17,Africa,3313.0,51.0
2020-05-18,Africa,3668.0,73.0
2020-05-19,Africa,3012.0,75.0
2020-05-20,Africa,3792.0,83.0
2020-05-21,Africa,4692.0,105.0
2020-05-22,Africa,3875.0,89.0
2020-05-23,Africa,3862.0,73.0
2020-05-24,Africa,4126.0,97.0
2020-05-25,Africa,4116.0,125.0
2020-05-26,Africa,3712.0,112.0
2020-05-27,Africa,5079.0,108.0
2020-05-28,Africa,4919.0,92.0
2020-05-29,Africa,5748.0,131.0
2020-05-30,Africa,6120.0,147.0
2020-05-31,Africa,5248.0,153.0
2020-06-01,Africa,5785.0,121.0
2020-06-02,Africa,4885.0,151.0
2020-06-03,Africa,5087.0,107.0
2020-06-04,Africa,7106.0,155.0
2020-06-05,Africa,7196.0,159.0
2020-06-06,Africa,6595.0,140.0
2020-06-07,Africa,6337.0,133.0
2020-06-08,Africa,6648.0,175.0
2020-06-09,Africa,6472.0,175.0
2020-06-10,Africa,6546.0,150.0
2020-06-11,Africa,7402.0,163.0
2020-06-12,Africa,8077.0,199.0
2020-06-13,Africa,8101.0,203.0
2020-06-14,Africa,8767.0,206.0
2020-06-15,Africa,9621.0,303.0
2020-06-16,Africa,7613.0,253.0
2020-06-17,Africa,8732.0,203.0
2020-06-18,Africa,8254.0,201.0
2020-06-19,Africa,9826.0,263.0
2020-06-20,Africa,11330.0,236.0
2020-06-21,Africa,9442.0,197.0
2020-06-22,Africa,8989.0,223.0
2020-06-23,Africa,9051.0,282.0
2020-06-24,Africa,11358.0,235.0
2020-06-25,Africa,11950.0,214.0
2020-06-26,Africa,11577.0,213.0
2020-06-27,Africa,12284.0,202.0
2020-06-28,Africa,10647.0,179.0
2020-06-29,Africa,11048.0,216.0
2020-06-30,Africa,11616.0,267.0
2020-07-01,Africa,13227.0,259.0
2020-07-02,Africa,14193.0,238.0
2020-07-03,Africa,15159.0,239.0
2020-07-04,Africa,15507.0,201.0
2020-07-05,Africa,13640.0,280.0
2020-07-06,Africa,13717.0,249.0
2020-07-07,Africa,17474.0,365.0
2020-07-08,Africa,14726.0,255.0
2020-07-09,Africa,19212.0,226.0
2020-07-10,Africa,17680.0,310.0
2020-07-11,Africa,18815.0,220.0
2020-07-12,Africa,16694.0,257.0
2020-07-13,Africa,16071.0,218.0
2020-07-14,Africa,14435.0,299.0
2020-07-15,Africa,18051.0,226.0
2020-07-16,Africa,20441.0,370.0
2020-07-17,Africa,19540.0,315.0
2020-07-18,Africa,19015.0,282.0
2020-07-19,Africa,18554.0,214.0
2020-07-20,Africa,15525.0,254.0
2020-07-21,Africa,13864.0,314.0
2020-07-22,Africa,19614.0,708.0
2020-07-23,Africa,18467.0,269.0
2020-07-24,Africa,22111.0,390.0
2020-07-25,Africa,18151.0,417.0
2020-07-26,Africa,18315.0,245.0
2020-07-27,Africa,13428.0,409.0
2020-07-28,Africa,13499.0,322.0
2020-07-29,Africa,17642.0,367.0
2020-07-30,Africa,17407.0,454.0
2020-07-31,Africa,19005.0,364.0
2020-08-01,Africa,16920.0,292.0
2020-08-02,Africa,12749.0,332.0
2020-08-03,Africa,10853.0,321.0
2020-08-04,Africa,9915.0,472.0
2020-08-05,Africa,15374.0,539.0
2020-08-06,Africa,14328.0,431.0
2020-08-07,Africa,13492.0,439.0
2020-08-08,Africa,14208.0,413.0
2020-08-09,Africa,12356.0,358.0
2020-08-10,Africa,9132.0,319.0
2020-08-11,Africa,7883.0,269.0
2020-08-12,Africa,9258.0,410.0
2020-08-13,Africa,10393.0,405.0
2020-08-14,Africa,12545.0,416.0
2020-08-15,Africa,11815.0,240.0
2020-08-16,Africa,9953.0,295.0
2020-08-17,Africa,8872.0,264.0
2020-08-18,Africa,8637.0,415.0
2020-08-19,Africa,10895.0,328.0
2020-08-20,Africa,10609.0,337.0
2020-08-21,Africa,10272.0,352.0
2020-08-22,Africa,10433.0,274.0
2020-08-23,Africa,9053.0,182.0
2020-08-24,Africa,7516.0,220.0
2020-08-25,Africa,7543.0,283.0
2020-08-26,Africa,8855.0,319.0
2020-08-27,Africa,8555.0,253.0
2020-08-28,Africa,8109.0,231.0
2020-08-29,Africa,8370.0,331.0
2020-08-30,Africa,8457.0,164.0
2020-08-31,Africa,6805.0,226.0
2020-09-01,Africa,7157.0,242.0
2020-09-02,Africa,8714.0,265.0
2020-09-03,Africa,7747.0,297.0
2020-09-04,Africa,8578.0,238.0
2020-09-05,Africa,7392.0,225.0
2020-09-06,Africa,7823.0,224.0
2020-09-07,Africa,6876.0,218.0
2020-09-08,Africa,7679.0,226.0
2020-09-09,Africa,8295.0,192.0
2020-09-10,Africa,8050.0,185.0
2020-09-11,Africa,8692.0,231.0
2020-09-12,Africa,7410.0,146.0
2020-09-13,Africa,6748.0,121.0
2020-09-14,Africa,6483.0,171.0
2020-09-15,Africa,6566.0,277.0
2020-09-16,Africa,7310.0,179.0
2020-09-17,Africa,8605.0,179.0
2020-09-18,Africa,8161.0,193.0
2020-09-19,Africa,8727.0,202.0
2020-09-20,Africa,8419.0,133.0
2020-09-21,Africa,6148.0,126.0
2020-09-22,Africa,6839.0,240.0
2020-09-23,Africa,8727.0,209.0
2020-09-24,Africa,8186.0,175.0
2020-09-25,Africa,7977.0,154.0
2020-09-26,Africa,6410.0,168.0
2020-09-27,Africa,8369.0,135.0
2020-09-28,Africa,5669.0,294.0
2020-09-29,Africa,7509.0,217.0
2020-09-30,Africa,8434.0,189.0
2020-10-01,Africa,7260.0,217.0
2020-10-02,Africa,8857.0,149.0
2020-10-03,Africa,8830.0,111.0
2020-10-04,Africa,8086.0,170.0
2020-10-05,Africa,4714.0,128.0
2020-10-06,Africa,6597.0,188.0
2020-10-07,Africa,10543.0,269.0
2020-10-08,Africa,10908.0,298.0
2020-10-09,Africa,8557.0,236.0
2020-10-10,Africa,13534.0,271.0
2020-10-11,Africa,8975.0,208.0
2020-10-12,Africa,5887.0,193.0
2020-10-13,Africa,7834.0,271.0
2020-10-14,Africa,11508.0,263.0
2020-10-15,Africa,9116.0,254.0
2020-10-16,Africa,10686.0,207.0
2020-10-17,Africa,14262.0,265.0
2020-10-18,Africa,8193.0,185.0
2020-10-19,Africa,9688.0,184.0
2020-10-20,Africa,9776.0,298.0
2020-10-21,Africa,10478.0,252.0
2020-10-22,Africa,10970.0,216.0
2020-10-23,Africa,10435.0,224.0
2020-10-24,Africa,11739.0,223.0
2020-10-25,Africa,9094.0,116.0
2020-10-26,Africa,10718.0,348.0
2020-10-27,Africa,8650.0,182.0
2020-10-28,Africa,11900.0,346.0
2020-10-29,Africa,11071.0,202.0
2020-10-30,Africa,13599.0,292.0
2020-10-31,Africa,11074.0,224.0
2020-11-01,Africa,10296.0,322.0
2020-11-02,Africa,7586.0,214.0
2020-11-03,Africa,10874.0,316.0
2020-11-04,Africa,14002.0,235.0
2020-11-05,Africa,15393.0,304.0
2020-11-06,Africa,11720.0,223.0
2020-11-07,Africa,15017.0,378.0
2020-11-08,Africa,12498.0,515.0
2020-11-09,Africa,8889.0,249.0
2020-11-10,Africa,13173.0,341.0
2020-11-11,Africa,14000.0,332.0
2020-11-12,Africa,15781.0,269.0
2020-11-13,Africa,14678.0,280.0
2020-11-14,Africa,14071.0,235.0
2020-11-15,Africa,12570.0,296.0
2020-11-16,Africa,10304.0,279.0
2020-11-17,Africa,12868.0,393.0
2020-11-18,Africa,15301.0,392.0
2020-11-19,Africa,13934.0,276.0
2020-11-20,Africa,15733.0,412.0
2020-11-21,Africa,13356.0,314.0
2020-11-22,Africa,12779.0,290.0
2020-11-23,Africa,10077.0,269.0
2020-11-24,Africa,12503.0,344.0
2020-11-25,Africa,14667.0,316.0
2020-11-26,Africa,13923.0,297.0
2020-11-27,Africa,16039.0,320.0
2020-11-28,Africa,13396.0,235.0
2020-11-29,Africa,13071.0,224.0
2020-11-30,Africa,10350.0,269.0
2020-12-01,Africa,10838.0,258.0
2020-12-02,Africa,16413.0,330.0
2020-12-03,Africa,15701.0,267.0
2020-12-04,Africa,17982.0,430.0
2020-12-05,Africa,14702.0,287.0
2020-12-06,Africa,13463.0,306.0
2020-12-07,Africa,10628.0,248.0
2020-12-08,Africa,13258.0,402.0
2020-12-09,Africa,19396.0,350.0
2020-12-10,Africa,19134.0,394.0
2020-12-11,Africa,19081.0,398.0
2020-12-12,Africa,18133.0,326.0
2020-12-13,Africa,16222.0,346.0
2020-12-14,Africa,11318.0,311.0
2020-12-15,Africa,18002.0,427.0
2020-12-16,Africa,21225.0,346.0
2020-12-17,Africa,20508.0,396.0
2020-12-18,Africa,19320.0,496.0
2020-12-19,Africa,21260.0,449.0
2020-12-20,Africa,18426.0,340.0
2020-12-21,Africa,16781.0,429.0
2020-12-22,Africa,19986.0,529.0
2020-12-23,Africa,25729.0,820.0
2020-12-24,Africa,27044.0,554.0
2020-12-25,Africa,25785.0,524.0
2020-12-26,Africa,21381.0,419.0
2020-12-27,Africa,18675.0,432.0
2020-12-28,Africa,15211.0,545.0
2020-12-29,Africa,20128.0,717.0
2020-12-30,Africa,30617.0,701.0
2020-12-31,Africa,29789.0,699.0
2021-01-01,Africa,27708.0,658.0
2021-01-02,Africa,22919.0,515.0
2021-01-03,Africa,21990.0,605.0
2021-01-04,Africa,21792.0,685.0
2021-01-05,Africa,26847.0,820.0
2021-01-06,Africa,35792.0,1110.0
2021-01-07,Africa,35402.0,689.0
2021-01-08,Africa,36473.0,910.0
2021-01-09,Africa,35099.0,657.0
2021-01-10,Africa,31607.0,594.0
2021-01-11,Africa,28033.0,681.0
2021-01-12,Africa,26128.0,1076.0
2021-01-13,Africa,33997.0,1220.0
2021-01-14,Africa,34228.0,1053.0
2021-01-15,Africa,31575.0,905.0
2021-01-16,Africa,27568.0,663.0
2021-01-17,Africa,26569.0,598.0
2021-01-18,Africa,22476.0,725.0
2021-01-19,Africa,23410.0,1202.0
2021-01-20,Africa,28337.0,922.0
2021-01-21,Africa,27865.0,1025.0
2021-01-22,Africa,26179.0,974.0
2021-01-23,Africa,27308.0,782.0
2021-01-24,Africa,20120.0,647.0
2021-01-25,Africa,16695.0,771.0
2021-01-26,Africa,18598.0,983.0
2021-01-27,Africa,20827.0,1051.0
2021-01-28,Africa,20780.0,996.0
2021-01-29,Africa,19222.0,846.0
2021-01-30,Africa,17862.0,615.0
2021-01-31,Africa,15752.0,525.0
2021-02-01,Africa,12711.0,509.0
2021-02-02,Africa,14821.0,884.0
2021-02-03,Africa,15462.0,709.0
2021-02-04,Africa,16474.0,567.0
2021-02-05,Africa,15907.0,547.0
2021-02-06,Africa,13545.0,548.0
2021-02-07,Africa,11724.0,357.0
2021-02-08,Africa,11413.0,443.0
2021-02-09,Africa,11351.0,699.0
2021-02-10,Africa,13118.0,536.0
2021-02-11,Africa,11870.0,495.0
2021-02-12,Africa,13922.0,565.0
2021-02-13,Africa,10914.0,352.0
2021-02-14,Africa,10325.0,293.0
2021-02-15,Africa,9893.0,471.0
2021-02-16,Africa,10027.0,466.0
2021-02-17,Africa,12317.0,402.0
2021-02-18,Africa,13893.0,511.0
2021-02-19,Africa,11019.0,384.0
2021-02-20,Africa,9559.0,290.0
2021-02-21,Africa,9520.0,337.0
2021-02-22,Africa,9017.0,336.0
2021-02-23,Africa,7740.0,470.0
2020-01-04,Asia,0.0,0.0
2020-01-05,Asia,0.0,0.0
2020-01-06,Asia,0.0,0.0
2020-01-07,Asia,0.0,0.0
2020-01-08,Asia,0.0,0.0
2020-01-09,Asia,0.0,0.0
2020-01-10,Asia,0.0,0.0
2020-01-11,Asia,0.0,0.0
2020-01-12,Asia,0.0,0.0
2020-01-13,Asia,0.0,0.0
2020-01-14,Asia,0.0,0.0
2020-01-15,Asia,0.0,0.0
2020-01-16,Asia,0.0,0.0
2020-01-17,Asia,0.0,0.0
2020-01-18,Asia,0.0,0.0
2020-01-19,Asia,0.0,0.0
2020-01-20,Asia,0.0,0.0
2020-01-21,Asia,0.0,0.0
2020-01-22,Asia,0.0,0.0
2020-01-23,Asia,98.0,1.0
2020-01-24,Asia,283.0,8.0
2020-01-25,Asia,491.0,16.0
2020-01-26,Asia,677.0,14.0
2020-01-27,Asia,807.0,26.0
2020-01-28,Asia,2646.0,49.0
2020-01-29,Asia,585.0,2.0
2020-01-30,Asia,2065.0,38.0
2020-01-31,Asia,1681.0,42.0
2020-02-01,Asia,2102.0,46.0
2020-02-02,Asia,4747.0,103.0
2020-02-03,Asia,3089.0,64.0
2020-02-04,Asia,4009.0,66.0
2020-02-05,Asia,3743.0,72.0
2020-02-06,Asia,3158.0,70.0
2020-02-07,Asia,3527.0,85.0
2020-02-08,Asia,2725.0,87.0
2020-02-09,Asia,3024.0,100.0
2020-02-10,Asia,2538.0,107.0
2020-02-11,Asia,2038.0,100.0
2020-02-12,Asia,377.0,5.0
2020-02-13,Asia,15151.0,253.0
2020-02-14,Asia,6482.0,152.0
2020-02-15,Asia,2075.0,142.0
2020-02-16,Asia,2113.0,104.0
2020-02-17,Asia,1934.0,98.0
2020-02-18,Asia,1794.0,140.0
2020-02-19,Asia,420.0,115.0
2020-02-20,Asia,545.0,123.0
2020-02-21,Asia,608.0,3.0
2020-02-22,Asia,1719.0,206.0
2020-02-23,Asia,223.0,9.0
2020-02-24,Asia,487.0,156.0
2020-02-25,Asia,743.0,77.0
2020-02-26,Asia,799.0,57.0
2020-02-27,Asia,1092.0,38.0
2020-02-28,Asia,1079.0,53.0
2020-02-29,Asia,1490.0,60.0
2020-03-01,Asia,1597.0,48.0
2020-03-02,Asia,1383.0,65.0
2020-03-03,Asia,1868.0,44.0
2020-03-04,Asia,1230.0,61.0
2020-03-05,Asia,1286.0,47.0
2020-03-06,Asia,2036.0,54.0
2020-03-07,Asia,1756.0,52.0
2020-03-08,Asia,1202.0,86.0
2020-03-09,Asia,908.0,71.0
2020-03-10,Asia,1189.0,76.0
2020-03-11,Asia,1721.0,97.0
2020-03-12,Asia,1359.0,98.0
2020-03-13,Asia,1821.0,104.0
2020-03-14,Asia,1908.0,122.0
2020-03-15,Asia,1943.0,131.0
2020-03-16,Asia,1723.0,151.0
2020-03-17,Asia,1994.0,159.0
2020-03-18,Asia,2137.0,188.0
2020-03-19,Asia,2140.0,175.0
2020-03-20,Asia,2703.0,176.0
2020-03-21,Asia,2557.0,156.0
2020-03-22,Asia,3234.0,209.0
2020-03-23,Asia,3075.0,156.0
2020-03-24,Asia,3619.0,170.0
2020-03-25,Asia,5412.0,194.0
2020-03-26,Asia,5722.0,244.0
2020-03-27,Asia,7111.0,213.0
2020-03-28,Asia,7200.0,213.0
2020-03-29,Asia,7240.0,216.0
2020-03-30,Asia,7256.0,210.0
2020-03-31,Asia,8983.0,246.0
2020-04-01,Asia,8586.0,303.0
2020-04-02,Asia,9140.0,292.0
2020-04-03,Asia,8740.0,286.0
2020-04-04,Asia,8983.0,311.0
2020-04-05,Asia,9917.0,306.0
2020-04-06,Asia,9995.0,314.0
2020-04-07,Asia,9567.0,288.0
2020-04-08,Asia,9905.0,307.0
2020-04-09,Asia,10221.0,362.0
2020-04-10,Asia,11127.0,357.0
2020-04-11,Asia,12001.0,362.0
2020-04-12,Asia,11630.0,400.0
2020-04-13,Asia,11549.0,334.0
2020-04-14,Asia,11471.0,396.0
2020-04-15,Asia,11381.0,323.0
2020-04-16,Asia,12372.0,362.0
2020-04-17,Asia,12770.0,1654.0
2020-04-18,Asia,12121.0,337.0
2020-04-19,Asia,12270.0,372.0
2020-04-20,Asia,13993.0,357.0
2020-04-21,Asia,13678.0,374.0
2020-04-22,Asia,12196.0,358.0
2020-04-23,Asia,12781.0,349.0
2020-04-24,Asia,13017.0,383.0
2020-04-25,Asia,12005.0,350.0
2020-04-26,Asia,11507.0,297.0
2020-04-27,Asia,11085.0,361.0
2020-04-28,Asia,11909.0,343.0
2020-04-29,Asia,12936.0,377.0
2020-04-30,Asia,13078.0,355.0
2020-05-01,Asia,13157.0,324.0
2020-05-02,Asia,12077.0,379.0
2020-05-03,Asia,12676.0,290.0
2020-05-04,Asia,14257.0,453.0
2020-05-05,Asia,15203.0,372.0
2020-05-06,Asia,15422.0,360.0
2020-05-07,Asia,15666.0,362.0
2020-05-08,Asia,16809.0,322.0
2020-05-09,Asia,15413.0,342.0
2020-05-10,Asia,17955.0,355.0
2020-05-11,Asia,16570.0,305.0
2020-05-12,Asia,17022.0,356.0
2020-05-13,Asia,17232.0,376.0
2020-05-14,Asia,20615.0,385.0
2020-05-15,Asia,17464.0,341.0
2020-05-16,Asia,19934.0,353.0
2020-05-17,Asia,20819.0,414.0
2020-05-18,Asia,20821.0,384.0
2020-05-19,Asia,21952.0,389.0
2020-05-20,Asia,22583.0,350.0
2020-05-21,Asia,24215.0,411.0
2020-05-22,Asia,24194.0,407.0
2020-05-23,Asia,24391.0,387.0
2020-05-24,Asia,23903.0,386.0
2020-05-25,Asia,21820.0,338.0
2020-05-26,Asia,20189.0,400.0
2020-05-27,Asia,23908.0,470.0
2020-05-28,Asia,25848.0,461.0
2020-05-29,Asia,28818.0,565.0
2020-05-30,Asia,27649.0,548.0
2020-05-31,Asia,29232.0,540.0
2020-06-01,Asia,27964.0,514.0
2020-06-02,Asia,30573.0,551.0
2020-06-03,Asia,33386.0,645.0
2020-06-04,Asia,32311.0,582.0
2020-06-05,Asia,32939.0,648.0
2020-06-06,Asia,34432.0,653.0
2020-06-07,Asia,34586.0,658.0
2020-06-08,Asia,31149.0,655.0
2020-06-09,Asia,33943.0,668.0
2020-06-10,Asia,36520.0,764.0
2020-06-11,Asia,37842.0,826.0
2020-06-12,Asia,32688.0,726.0
2020-06-13,Asia,38916.0,743.0
2020-06-14,Asia,44950.0,874.0
2020-06-15,Asia,37260.0,910.0
2020-06-16,Asia,38536.0,2529.0
2020-06-17,Asia,41023.0,869.0
2020-06-18,Asia,41108.0,902.0
2020-06-19,Asia,42860.0,950.0
2020-06-20,Asia,41910.0,880.0
2020-06-21,Asia,39751.0,955.0
2020-06-22,Asia,40548.0,801.0
2020-06-23,Asia,42375.0,959.0
2020-06-24,Asia,43891.0,1015.0
2020-06-25,Asia,44266.0,955.0
2020-06-26,Asia,46358.0,937.0
2020-06-27,Asia,46260.0,948.0
2020-06-28,Asia,46970.0,875.0
2020-06-29,Asia,44458.0,1035.0
2020-06-30,Asia,46653.0,1125.0
2020-07-01,Asia,66783.0,1016.0
2020-07-02,Asia,50578.0,958.0
2020-07-03,Asia,50678.0,925.0
2020-07-04,Asia,53774.0,1160.0
2020-07-05,Asia,56132.0,1158.0
2020-07-06,Asia,50182.0,1162.0
2020-07-07,Asia,50107.0,1159.0
2020-07-08,Asia,53878.0,1048.0
2020-07-09,Asia,57878.0,1124.0
2020-07-10,Asia,56150.0,1081.0
2020-07-11,Asia,55405.0,1140.0
2020-07-12,Asia,54832.0,1445.0
2020-07-13,Asia,56541.0,1179.0
2020-07-14,Asia,54884.0,1159.0
2020-07-15,Asia,60814.0,1226.0
2020-07-16,Asia,60561.0,1280.0
2020-07-17,Asia,64087.0,1351.0
2020-07-18,Asia,74284.0,1919.0
2020-07-19,Asia,68454.0,1495.0
2020-07-20,Asia,61351.0,1403.0
2020-07-21,Asia,65575.0,1291.0
2020-07-22,Asia,71615.0,1826.0
2020-07-23,Asia,79839.0,1527.0
2020-07-24,Asia,75031.0,1339.0
2020-07-25,Asia,74341.0,1279.0
2020-07-26,Asia,72869.0,1316.0
2020-07-27,Asia,69237.0,1207.0
2020-07-28,Asia,77967.0,1554.0
2020-07-29,Asia,77915.0,1293.0
2020-07-30,Asia,81360.0,1371.0
2020-07-31,Asia,88212.0,1352.0
2020-08-01,Asia,77438.0,1348.0
2020-08-02,Asia,81734.0,1293.0
2020-08-03,Asia,75236.0,1658.0
2020-08-04,Asia,79322.0,1416.0
2020-08-05,Asia,85754.0,1474.0
2020-08-06,Asia,90743.0,1394.0
2020-08-07,Asia,90732.0,1431.0
2020-08-08,Asia,90993.0,1349.0
2020-08-09,Asia,86601.0,1548.0
2020-08-10,Asia,81419.0,1703.0
2020-08-11,Asia,85712.0,1358.0
2020-08-12,Asia,95418.0,1557.0
2020-08-13,Asia,92508.0,1505.0
2020-08-14,Asia,94813.0,1473.0
2020-08-15,Asia,91339.0,1597.0
2020-08-16,Asia,83767.0,1492.0
2020-08-17,Asia,77920.0,1365.0
2020-08-18,Asia,93075.0,1775.0
2020-08-19,Asia,98425.0,1584.0
2020-08-20,Asia,96920.0,1549.0
2020-08-21,Asia,97176.0,1009.0
2020-08-22,Asia,95111.0,1417.0
2020-08-23,Asia,84047.0,1337.0
2020-08-24,Asia,86293.0,1478.0
2020-08-25,Asia,82066.0,1499.0
2020-08-26,Asia,112975.0,1682.0
2020-08-27,Asia,103592.0,1642.0
2020-08-28,Asia,103903.0,1594.0
2020-08-29,Asia,104677.0,1489.0
2020-08-30,Asia,103448.0,1549.0
2020-08-31,Asia,94202.0,1316.0
2020-09-01,Asia,103828.0,1591.0
2020-09-02,Asia,110448.0,1666.0
2020-09-03,Asia,111534.0,1691.0
2020-09-04,Asia,115310.0,1625.0
2020-09-05,Asia,115186.0,1591.0
2020-09-06,Asia,117005.0,1630.0
2020-09-07,Asia,101108.0,1663.0
2020-09-08,Asia,118467.0,1671.0
2020-09-09,Asia,125634.0,1811.0
2020-09-10,Asia,127900.0,1829.0
2020-09-11,Asia,129060.0,1710.0
2020-09-12,Asia,124316.0,1780.0
2020-09-13,Asia,120881.0,1711.0
2020-09-14,Asia,115833.0,1902.0
2020-09-15,Asia,122377.0,1898.0
2020-09-16,Asia,131132.0,1880.0
2020-09-17,Asia,129591.0,1841.0
2020-09-18,Asia,126625.0,1853.0
2020-09-19,Asia,123815.0,1805.0
2020-09-20,Asia,117422.0,1777.0
2020-09-21,Asia,105947.0,1692.0
2020-09-22,Asia,117694.0,1754.0
2020-09-23,Asia,123848.0,1851.0
2020-09-24,Asia,123626.0,1783.0
2020-09-25,Asia,122511.0,1770.0
2020-09-26,Asia,121956.0,1787.0
2020-09-27,Asia,113383.0,1705.0
2020-09-28,Asia,98518.0,1424.0
2020-09-29,Asia,114131.0,1922.0
2020-09-30,Asia,125691.0,1897.0
2020-10-01,Asia,119470.0,1777.0
2020-10-02,Asia,117003.0,1757.0
2020-10-03,Asia,107538.0,1554.0
2020-10-04,Asia,108147.0,1639.0
2020-10-05,Asia,97336.0,1618.0
2020-10-06,Asia,108624.0,1711.0
2020-10-07,Asia,116789.0,1740.0
2020-10-08,Asia,108861.0,1795.0
2020-10-09,Asia,107154.0,1653.0
2020-10-10,Asia,108095.0,1615.0
2020-10-11,Asia,98877.0,1612.0
2020-10-12,Asia,90422.0,1406.0
2020-10-13,Asia,99781.0,1472.0
2020-10-14,Asia,104784.0,1547.0
2020-10-15,Asia,101840.0,1662.0
2020-10-16,Asia,100670.0,1592.0
2020-10-17,Asia,96536.0,1797.0
2020-10-18,Asia,91337.0,1337.0
2020-10-19,Asia,82337.0,1444.0
2020-10-20,Asia,90794.0,1526.0
2020-10-21,Asia,98445.0,1608.0
2020-10-22,Asia,97135.0,1532.0
2020-10-23,Asia,97524.0,1589.0
2020-10-24,Asia,88718.0,1398.0
2020-10-25,Asia,85125.0,1296.0
2020-10-26,Asia,72645.0,1385.0
2020-10-27,Asia,84773.0,1380.0
2020-10-28,Asia,93174.0,1492.0
2020-10-29,Asia,93203.0,1475.0
2020-10-30,Asia,92002.0,1397.0
2020-10-31,Asia,86834.0,1405.0
2020-11-01,Asia,87501.0,1433.0
2020-11-02,Asia,83162.0,1472.0
2020-11-03,Asia,92990.0,1570.0
2020-11-04,Asia,97230.0,1746.0
2020-11-05,Asia,96532.0,1620.0
2020-11-06,Asia,101563.0,1588.0
2020-11-07,Asia,93734.0,1477.0
2020-11-08,Asia,94807.0,1491.0
2020-11-09,Asia,85597.0,1536.0
2020-11-10,Asia,95465.0,1539.0
2020-11-11,Asia,100897.0,1619.0
2020-11-12,Asia,99160.0,1641.0
2020-11-13,Asia,99475.0,1586.0
2020-11-14,Asia,94073.0,1512.0
2020-11-15,Asia,81910.0,1463.0
2020-11-16,Asia,80715.0,1498.0
2020-11-17,Asia,94303.0,1591.0
2020-11-18,Asia,106789.0,1812.0
2020-11-19,Asia,106999.0,2024.0
2020-11-20,Asia,108445.0,1693.0
2020-11-21,Asia,103617.0,1621.0
2020-11-22,Asia,104998.0,1700.0
2020-11-23,Asia,96857.0,1654.0
2020-11-24,Asia,107278.0,1708.0
2020-11-25,Asia,109645.0,1815.0
2020-11-26,Asia,138441.0,1768.0
2020-11-27,Asia,146056.0,1658.0
2020-11-28,Asia,127578.0,1678.0
2020-11-29,Asia,125422.0,1682.0
2020-11-30,Asia,115422.0,1638.0
2020-12-01,Asia,122821.0,1737.0
2020-12-02,Asia,127191.0,1654.0
2020-12-03,Asia,131192.0,1711.0
2020-12-04,Asia,126252.0,1667.0
2020-12-05,Asia,123449.0,1551.0
2020-12-06,Asia,119639.0,1469.0
2020-12-07,Asia,108370.0,1520.0
2020-12-08,Asia,118382.0,1649.0
2020-12-09,Asia,118215.0,1551.0
2020-12-10,Asia,85319.0,1550.0
2020-12-11,Asia,114464.0,1525.0
2020-12-12,Asia,109920.0,1446.0
2020-12-13,Asia,99457.0,1354.0
2020-12-14,Asia,94301.0,1464.0
2020-12-15,Asia,107535.0,1629.0
2020-12-16,Asia,106635.0,1445.0
2020-12-17,Asia,101869.0,1416.0
2020-12-18,Asia,100404.0,1371.0
2020-12-19,Asia,96067.0,1396.0
2020-12-20,Asia,87308.0,1454.0
2020-12-21,Asia,79508.0,1445.0
2020-12-22,Asia,89485.0,1494.0
2020-12-23,Asia,90092.0,1423.0
2020-12-24,Asia,88670.0,1350.0
2020-12-25,Asia,85980.0,1314.0
2020-12-26,Asia,75795.0,1221.0
2020-12-27,Asia,71622.0,1329.0
2020-12-28,Asia,70021.0,1305.0
2020-12-29,Asia,81741.0,1439.0
2020-12-30,Asia,83545.0,1400.0
2020-12-31,Asia,65275.0,972.0
2021-01-01,Asia,76089.0,1149.0
2021-01-02,Asia,89867.0,1348.0
2021-01-03,Asia,69533.0,1061.0
2021-01-04,Asia,73454.0,1105.0
2021-01-05,Asia,82482.0,1226.0
2021-01-06,Asia,87477.0,1066.0
2021-01-07,Asia,87620.0,1143.0
2021-01-08,Asia,67431.0,947.0
2021-01-09,Asia,104961.0,1305.0
2021-01-10,Asia,76478.0,933.0
2021-01-11,Asia,74376.0,997.0
2021-01-12,Asia,81981.0,1418.0
2021-01-13,Asia,86941.0,1326.0
2021-01-14,Asia,86556.0,1165.0
2021-01-15,Asia,82588.0,1211.0
2021-01-16,Asia,85733.0,1113.0
2021-01-17,Asia,75180.0,973.0
2021-01-18,Asia,64552.0,1075.0
2021-01-19,Asia,74752.0,1439.0
2021-01-20,Asia,81734.0,1251.0
2021-01-21,Asia,76339.0,1248.0
2021-01-22,Asia,75658.0,1050.0
2021-01-23,Asia,73180.0,1048.0
2021-01-24,Asia,66904.0,945.0
2021-01-25,Asia,59715.0,1123.0
2021-01-26,Asia,75215.0,1297.0
2021-01-27,Asia,79976.0,1270.0
2021-01-28,Asia,82912.0,1362.0
2021-01-29,Asia,76797.0,969.0
2021-01-30,Asia,74274.0,1274.0
2021-01-31,Asia,67489.0,995.0
2021-02-01,Asia,65867.0,985.0
2021-02-02,Asia,69287.0,1120.0
2021-02-03,Asia,76350.0,1001.0
2021-02-04,Asia,72857.0,1091.0
2021-02-05,Asia,68761.0,913.0
2021-02-06,Asia,69700.0,869.0
2021-02-07,Asia,66056.0,822.0
2021-02-08,Asia,59428.0,892.0
2021-02-09,Asia,68005.0,941.0
2021-02-10,Asia,71053.0,974.0
2021-02-11,Asia,64988.0,848.0
2021-02-12,Asia,66795.0,884.0
2021-02-13,Asia,63055.0,857.0
2021-02-14,Asia,58675.0,743.0
2021-02-15,Asia,59368.0,701.0
2021-02-16,Asia,68749.0,923.0
2021-02-17,Asia,69490.0,865.0
2021-02-18,Asia,66719.0,886.0
2021-02-19,Asia,67228.0,894.0
2021-02-20,Asia,62703.0,909.0
2021-02-21,Asia,67481.0,717.0
2021-02-22,Asia,67249.0,754.0
2021-02-23,Asia,73701.0,941.0
2020-01-24,Europe,2.0,0.0
2020-01-25,Europe,1.0,0.0
2020-01-26,Europe,0.0,0.0
2020-01-27,Europe,1.0,0.0
2020-01-28,Europe,4.0,0.0
2020-01-29,Europe,2.0,0.0
2020-01-30,Europe,0.0,0.0
2020-01-31,Europe,7.0,0.0
2020-02-01,Europe,6.0,0.0
2020-02-02,Europe,2.0,0.0
2020-02-03,Europe,8.0,0.0
2020-02-04,Europe,1.0,0.0
2020-02-05,Europe,1.0,0.0
2020-02-06,Europe,0.0,0.0
2020-02-07,Europe,2.0,0.0
2020-02-08,Europe,9.0,0.0
2020-02-09,Europe,3.0,0.0
2020-02-10,Europe,0.0,0.0
2020-02-11,Europe,3.0,0.0
2020-02-12,Europe,1.0,0.0
2020-02-13,Europe,1.0,0.0
2020-02-14,Europe,1.0,0.0
2020-02-15,Europe,1.0,1.0
2020-02-16,Europe,0.0,0.0
2020-02-17,Europe,1.0,0.0
2020-02-18,Europe,0.0,0.0
2020-02-19,Europe,1.0,0.0
2020-02-20,Europe,2.0,0.0
2020-02-21,Europe,18.0,1.0
2020-02-22,Europe,42.0,1.0
2020-02-23,Europe,98.0,1.0
2020-02-24,Europe,76.0,4.0
2020-02-25,Europe,108.0,3.0
2020-02-26,Europe,163.0,3.0
2020-02-27,Europe,265.0,5.0
2020-02-28,Europe,303.0,4.0
2020-02-29,Europe,373.0,8.0
2020-03-01,Europe,755.0,5.0
2020-03-02,Europe,567.0,19.0
2020-03-03,Europe,688.0,30.0
2020-03-04,Europe,1012.0,29.0
2020-03-05,Europe,1432.0,46.0
2020-03-06,Europe,1772.0,55.0
2020-03-07,Europe,2158.0,49.0
2020-03-08,Europe,2535.0,146.0
2020-03-09,Europe,3142.0,117.0
2020-03-10,Europe,3391.0,191.0
2020-03-11,Europe,5463.0,240.0
2020-03-12,Europe,3928.0,196.0
2020-03-13,Europe,11547.0,381.0
2020-03-14,Europe,8157.0,288.0
2020-03-15,Europe,8841.0,492.0
2020-03-16,Europe,10996.0,501.0
2020-03-17,Europe,11547.0,608.0
2020-03-18,Europe,14047.0,643.0
2020-03-19,Europe,19377.0,852.0
2020-03-20,Europe,20463.0,1182.0
2020-03-21,Europe,21662.0,1437.0
2020-03-22,Europe,20309.0,1317.0
2020-03-23,Europe,26407.0,1566.0
2020-03-24,Europe,24405.0,1833.0
2020-03-25,Europe,31019.0,2236.0
2020-03-26,Europe,35912.0,2302.0
2020-03-27,Europe,36027.0,2678.0
2020-03-28,Europe,36795.0,2776.0
2020-03-29,Europe,29917.0,2580.0
2020-03-30,Europe,32655.0,3042.0
2020-03-31,Europe,36809.0,3265.0
2020-04-01,Europe,37141.0,4255.0
2020-04-02,Europe,36170.0,3807.0
2020-04-03,Europe,37653.0,4235.0
2020-04-04,Europe,12521.0,3732.0
2020-04-05,Europe,26464.0,3010.0
2020-04-06,Europe,27402.0,3551.0
2020-04-07,Europe,23840.0,5088.0
2020-04-08,Europe,34123.0,3960.0
2020-04-09,Europe,33364.0,4788.0
2020-04-10,Europe,31340.0,4414.0
2020-04-11,Europe,27168.0,3324.0
2020-04-12,Europe,75042.0,3200.0
2020-04-13,Europe,25147.0,3228.0
2020-04-14,Europe,37581.0,3605.0
2020-04-15,Europe,31933.0,5021.0
2020-04-16,Europe,44097.0,4184.0
2020-04-17,Europe,32096.0,4072.0
2020-04-18,Europe,27394.0,3189.0
2020-04-19,Europe,30083.0,2412.0
2020-04-20,Europe,23633.0,2833.0
2020-04-21,Europe,27441.0,3757.0
2020-04-22,Europe,29563.0,3403.0
2020-04-23,Europe,25541.0,3136.0
2020-04-24,Europe,16152.0,3332.0
2020-04-25,Europe,24764.0,2776.0
2020-04-26,Europe,22066.0,1722.0
2020-04-27,Europe,24155.0,2076.0
2020-04-28,Europe,24019.0,2806.0
2020-04-29,Europe,21575.0,2873.0
2020-04-30,Europe,23091.0,2248.0
2020-05-01,Europe,22860.0,1845.0
2020-05-02,Europe,22190.0,2283.0
2020-05-03,Europe,21213.0,1131.0
2020-05-04,Europe,21062.0,1524.0
2020-05-05,Europe,22599.0,2000.0
2020-05-06,Europe,27077.0,2523.0
2020-05-07,Europe,25133.0,1751.0
2020-05-08,Europe,23415.0,2006.0
2020-05-09,Europe,20717.0,1184.0
2020-05-10,Europe,19751.0,923.0
2020-05-11,Europe,23821.0,1164.0
2020-05-12,Europe,22078.0,1826.0
2020-05-13,Europe,20474.0,1564.0
2020-05-14,Europe,20156.0,1576.0
2020-05-15,Europe,20327.0,1320.0
2020-05-16,Europe,17653.0,1150.0
2020-05-17,Europe,16460.0,979.0
2020-05-18,Europe,16899.0,817.0
2020-05-19,Europe,18922.0,917.0
2020-05-20,Europe,18059.0,1177.0
2020-05-21,Europe,17527.0,960.0
2020-05-22,Europe,18853.0,1610.0
2020-05-23,Europe,16629.0,855.0
2020-05-24,Europe,14197.0,733.0
2020-05-25,Europe,14306.0,-1354.0
2020-05-26,Europe,16247.0,1118.0
2020-05-27,Europe,15144.0,994.0
2020-05-28,Europe,20445.0,909.0
2020-05-29,Europe,16602.0,922.0
2020-05-30,Europe,16621.0,708.0
2020-05-31,Europe,14575.0,398.0
2020-06-01,Europe,14689.0,462.0
2020-06-02,Europe,14061.0,778.0
2020-06-03,Europe,11751.0,798.0
2020-06-04,Europe,19768.0,593.0
2020-06-05,Europe,16456.0,767.0
2020-06-06,Europe,15928.0,573.0
2020-06-07,Europe,14767.0,343.0
2020-06-08,Europe,15149.0,416.0
2020-06-09,Europe,15345.0,726.0
2020-06-10,Europe,15528.0,675.0
2020-06-11,Europe,16178.0,455.0
2020-06-12,Europe,17074.0,538.0
2020-06-13,Europe,15731.0,443.0
2020-06-14,Europe,14765.0,287.0
2020-06-15,Europe,14044.0,329.0
2020-06-16,Europe,15884.0,630.0
2020-06-17,Europe,16022.0,630.0
2020-06-18,Europe,17005.0,511.0
2020-06-19,Europe,15816.0,1611.0
2020-06-20,Europe,14616.0,405.0
2020-06-21,Europe,13295.0,226.0
2020-06-22,Europe,13549.0,232.0
2020-06-23,Europe,15074.0,563.0
2020-06-24,Europe,15132.0,393.0
2020-06-25,Europe,14778.0,372.0
2020-06-26,Europe,15625.0,504.0
2020-06-27,Europe,13901.0,324.0
2020-06-28,Europe,11742.0,252.0
2020-06-29,Europe,12950.0,264.0
2020-06-30,Europe,12802.0,456.0
2020-07-01,Europe,13190.0,495.0
2020-07-02,Europe,13533.0,407.0
2020-07-03,Europe,13950.0,425.0
2020-07-04,Europe,12821.0,330.0
2020-07-05,Europe,11793.0,253.0
2020-07-06,Europe,13613.0,282.0
2020-07-07,Europe,11979.0,469.0
2020-07-08,Europe,14144.0,437.0
2020-07-09,Europe,13622.0,387.0
2020-07-10,Europe,14566.0,388.0
2020-07-11,Europe,13741.0,340.0
2020-07-12,Europe,11770.0,221.0
2020-07-13,Europe,14531.0,242.0
2020-07-14,Europe,12813.0,377.0
2020-07-15,Europe,14433.0,418.0
2020-07-16,Europe,15289.0,373.0
2020-07-17,Europe,16202.0,370.0
2020-07-18,Europe,13364.0,247.0
2020-07-19,Europe,11756.0,187.0
2020-07-20,Europe,18002.0,231.0
2020-07-21,Europe,14377.0,341.0
2020-07-22,Europe,15955.0,349.0
2020-07-23,Europe,17553.0,325.0
2020-07-24,Europe,17611.0,359.0
2020-07-25,Europe,13706.0,263.0
2020-07-26,Europe,13048.0,197.0
2020-07-27,Europe,21619.0,210.0
2020-07-28,Europe,15309.0,328.0
2020-07-29,Europe,18376.0,401.0
2020-07-30,Europe,19834.0,324.0
2020-07-31,Europe,19769.0,363.0
2020-08-01,Europe,14374.0,235.0
2020-08-02,Europe,12893.0,203.0
2020-08-03,Europe,24974.0,263.0
2020-08-04,Europe,20538.0,360.0
2020-08-05,Europe,20348.0,381.0
2020-08-06,Europe,21947.0,327.0
2020-08-07,Europe,23706.0,314.0
2020-08-08,Europe,15131.0,292.0
2020-08-09,Europe,13794.0,203.0
2020-08-10,Europe,27638.0,336.0
2020-08-11,Europe,19712.0,332.0
2020-08-12,Europe,23410.0,348.0
2020-08-13,Europe,27407.0,365.0
2020-08-14,Europe,27042.0,331.0
2020-08-15,Europe,19816.0,448.0
2020-08-16,Europe,17038.0,199.0
2020-08-17,Europe,30735.0,256.0
2020-08-18,Europe,22917.0,356.0
2020-08-19,Europe,28057.0,463.0
2020-08-20,Europe,30270.0,345.0
2020-08-21,Europe,32196.0,320.0
2020-08-22,Europe,21417.0,306.0
2020-08-23,Europe,19965.0,207.0
2020-08-24,Europe,36913.0,277.0
2020-08-25,Europe,27052.0,404.0
2020-08-26,Europe,26211.0,260.0
2020-08-27,Europe,39843.0,380.0
2020-08-28,Europe,35272.0,331.0
2020-08-29,Europe,23722.0,285.0
2020-08-30,Europe,21873.0,205.0
2020-08-31,Europe,43032.0,357.0
2020-09-01,Europe,29786.0,431.0
2020-09-02,Europe,35668.0,404.0
2020-09-03,Europe,36956.0,392.0
2020-09-04,Europe,41511.0,477.0
2020-09-05,Europe,29601.0,335.0
2020-09-06,Europe,26454.0,207.0
2020-09-07,Europe,50999.0,327.0
2020-09-08,Europe,37236.0,472.0
2020-09-09,Europe,41150.0,416.0
2020-09-10,Europe,45726.0,410.0
2020-09-11,Europe,49067.0,417.0
2020-09-12,Europe,37884.0,331.0
2020-09-13,Europe,29457.0,255.0
2020-09-14,Europe,55849.0,370.0
2020-09-15,Europe,43770.0,633.0
2020-09-16,Europe,50943.0,706.0
2020-09-17,Europe,55124.0,607.0
2020-09-18,Europe,60955.0,661.0
2020-09-19,Europe,44644.0,399.0
2020-09-20,Europe,38697.0,288.0
2020-09-21,Europe,65880.0,471.0
2020-09-22,Europe,53719.0,777.0
2020-09-23,Europe,61057.0,685.0
2020-09-24,Europe,65364.0,592.0
2020-09-25,Europe,70009.0,688.0
2020-09-26,Europe,51836.0,567.0
2020-09-27,Europe,44788.0,345.0
2020-09-28,Europe,68658.0,551.0
2020-09-29,Europe,48426.0,626.0
2020-09-30,Europe,79394.0,1014.0
2020-10-01,Europe,70380.0,753.0
2020-10-02,Europe,76597.0,824.0
2020-10-03,Europe,71241.0,577.0
2020-10-04,Europe,73537.0,437.0
2020-10-05,Europe,84008.0,638.0
2020-10-06,Europe,84522.0,1077.0
2020-10-07,Europe,98691.0,904.0
2020-10-08,Europe,111313.0,890.0
2020-10-09,Europe,117936.0,1050.0
2020-10-10,Europe,109790.0,766.0
2020-10-11,Europe,87486.0,623.0
2020-10-12,Europe,114751.0,885.0
2020-10-13,Europe,112474.0,1172.0
2020-10-14,Europe,142979.0,1347.0
2020-10-15,Europe,156681.0,1285.0
2020-10-16,Europe,157579.0,1435.0
2020-10-17,Europe,144083.0,1097.0
2020-10-18,Europe,132439.0,875.0
2020-10-19,Europe,165195.0,1232.0
2020-10-20,Europe,160854.0,1811.0
2020-10-21,Europe,200851.0,1658.0
2020-10-22,Europe,215582.0,1789.0
2020-10-23,Europe,235023.0,1979.0
2020-10-24,Europe,205265.0,1666.0
2020-10-25,Europe,153619.0,1179.0
2020-10-26,Europe,284162.0,1918.0
2020-10-27,Europe,230574.0,2790.0
2020-10-28,Europe,257346.0,2517.0
2020-10-29,Europe,284779.0,2584.0
2020-10-30,Europe,300422.0,3033.0
2020-10-31,Europe,230761.0,2513.0
2020-11-01,Europe,218248.0,1874.0
2020-11-02,Europe,346447.0,2660.0
2020-11-03,Europe,277004.0,4344.0
2020-11-04,Europe,228055.0,4918.0
2020-11-05,Europe,316195.0,3677.0
2020-11-06,Europe,321684.0,4353.0
2020-11-07,Europe,300505.0,3247.0
2020-11-08,Europe,219776.0,2340.0
2020-11-09,Europe,244016.0,3435.0
2020-11-10,Europe,250057.0,5227.0
2020-11-11,Europe,297048.0,5082.0
2020-11-12,Europe,294647.0,4407.0
2020-11-13,Europe,286273.0,4781.0
2020-11-14,Europe,242484.0,3750.0
2020-11-15,Europe,200180.0,2883.0
2020-11-16,Europe,235329.0,4053.0
2020-11-17,Europe,274154.0,5772.0
2020-11-18,Europe,263038.0,5297.0
2020-11-19,Europe,269793.0,4850.0
2020-11-20,Europe,267486.0,5774.0
2020-11-21,Europe,220331.0,3910.0
2020-11-22,Europe,172686.0,3198.0
2020-11-23,Europe,192805.0,4342.0
2020-11-24,Europe,225676.0,6229.0
2020-11-25,Europe,237824.0,5537.0
2020-11-26,Europe,237801.0,5415.0
2020-11-27,Europe,233413.0,5887.0
2020-11-28,Europe,193566.0,4254.0
2020-11-29,Europe,150866.0,3145.0
2020-11-30,Europe,164564.0,4316.0
2020-12-01,Europe,200694.0,6007.0
2020-12-02,Europe,210696.0,5619.0
2020-12-03,Europe,224458.0,5489.0
2020-12-04,Europe,214924.0,5652.0
2020-12-05,Europe,200056.0,4184.0
2020-12-06,Europe,162418.0,3165.0
2020-12-07,Europe,151955.0,3970.0
2020-12-08,Europe,198981.0,5452.0
2020-12-09,Europe,212636.0,5270.0
2020-12-10,Europe,238058.0,5470.0
2020-12-11,Europe,231133.0,5713.0
2020-12-12,Europe,201934.0,4370.0
2020-12-13,Europe,169487.0,3108.0
2020-12-14,Europe,158835.0,4083.0
2020-12-15,Europe,213495.0,6307.0
2020-12-16,Europe,241622.0,5950.0
2020-12-17,Europe,254399.0,5458.0
2020-12-18,Europe,244541.0,5713.0
2020-12-19,Europe,202237.0,4329.0
2020-12-20,Europe,169971.0,2984.0
2020-12-21,Europe,187077.0,4161.0
2020-12-22,Europe,236518.0,6147.0
2020-12-23,Europe,248010.0,5708.0
2020-12-24,Europe,249867.0,4540.0
2020-12-25,Europe,180519.0,3511.0
2020-12-26,Europe,139750.0,2759.0
2020-12-27,Europe,135410.0,2833.0
2020-12-28,Europe,172625.0,4195.0
2020-12-29,Europe,244659.0,6406.0
2020-12-30,Europe,296006.0,6392.0
2020-12-31,Europe,269948.0,5160.0
2021-01-01,Europe,209555.0,3769.0
2021-01-02,Europe,159491.0,2796.0
2021-01-03,Europe,168042.0,2914.0
2021-01-04,Europe,203764.0,4328.0
2021-01-05,Europe,275691.0,6599.0
2021-01-06,Europe,269592.0,5542.0
2021-01-07,Europe,320755.0,5624.0
2021-01-08,Europe,274846.0,6125.0
2021-01-09,Europe,227717.0,4327.0
2021-01-10,Europe,182934.0,3134.0
2021-01-11,Europe,212771.0,4278.0
2021-01-12,Europe,237197.0,6716.0
2021-01-13,Europe,262816.0,6646.0
2021-01-14,Europe,257236.0,6057.0
2021-01-15,Europe,245856.0,5669.0
2021-01-16,Europe,185204.0,4944.0
2021-01-17,Europe,155921.0,3221.0
2021-01-18,Europe,209320.0,3878.0
2021-01-19,Europe,202598.0,7554.0
2021-01-20,Europe,248228.0,7161.0
2021-01-21,Europe,225089.0,6098.0
2021-01-22,Europe,230014.0,6243.0
2021-01-23,Europe,169427.0,4464.0
2021-01-24,Europe,139630.0,3144.0
2021-01-25,Europe,194468.0,4594.0
2021-01-26,Europe,179078.0,6549.0
2021-01-27,Europe,216411.0,6535.0
2021-01-28,Europe,210481.0,6421.0
2021-01-29,Europe,203998.0,5704.0
2021-01-30,Europe,155901.0,4788.0
2021-01-31,Europe,115693.0,2669.0
2021-02-01,Europe,170705.0,4497.0
2021-02-02,Europe,159485.0,6755.0
2021-02-03,Europe,186316.0,5976.0
2021-02-04,Europe,159317.0,4959.0
2021-02-05,Europe,196844.0,5929.0
2021-02-06,Europe,130722.0,3567.0
2021-02-07,Europe,109040.0,2383.0
2021-02-08,Europe,125972.0,3936.0
2021-02-09,Europe,129190.0,5994.0
2021-02-10,Europe,156265.0,5234.0
2021-02-11,Europe,154852.0,4713.0
2021-02-12,Europe,148303.0,4716.0
2021-02-13,Europe,121070.0,3145.0
2021-02-14,Europe,93956.0,2014.0
2021-02-15,Europe,102066.0,3013.0
2021-02-16,Europe,123071.0,4708.0
2021-02-17,Europe,148007.0,4685.0
2021-02-18,Europe,154514.0,3887.0
2021-02-19,Europe,155066.0,4128.0
2021-02-20,Europe,128859.0,2621.0
2021-02-21,Europe,111977.0,1836.0
2021-02-22,Europe,103446.0,2857.0
2021-02-23,Europe,134703.0,4145.0
2020-01-01,North America,0.0,0.0
2020-01-02,North America,0.0,0.0
2020-01-03,North America,0.0,0.0
2020-01-04,North America,0.0,0.0
2020-01-05,North America,0.0,0.0
2020-01-06,North America,0.0,0.0
2020-01-07,North America,0.0,0.0
2020-01-08,North America,0.0,0.0
2020-01-09,North America,0.0,0.0
2020-01-10,North America,0.0,0.0
2020-01-11,North America,0.0,0.0
2020-01-12,North America,0.0,0.0
2020-01-13,North America,0.0,0.0
2020-01-14,North America,0.0,0.0
2020-01-15,North America,0.0,0.0
2020-01-16,North America,0.0,0.0
2020-01-17,North America,0.0,0.0
2020-01-18,North America,0.0,0.0
2020-01-19,North America,0.0,0.0
2020-01-20,North America,0.0,0.0
2020-01-21,North America,0.0,0.0
2020-01-22,North America,0.0,0.0
2020-01-23,North America,0.0,0.0
2020-01-24,North America,1.0,0.0
2020-01-25,North America,0.0,0.0
2020-01-26,North America,4.0,0.0
2020-01-27,North America,0.0,0.0
2020-01-28,North America,1.0,0.0
2020-01-29,North America,1.0,0.0
2020-01-30,North America,0.0,0.0
2020-01-31,North America,4.0,0.0
2020-02-01,North America,0.0,0.0
2020-02-02,North America,0.0,0.0
2020-02-03,North America,3.0,0.0
2020-02-04,North America,0.0,0.0
2020-02-05,North America,1.0,0.0
2020-02-06,North America,1.0,0.0
2020-02-07,North America,2.0,0.0
2020-02-08,North America,0.0,0.0
2020-02-09,North America,0.0,0.0
2020-02-10,North America,0.0,0.0
2020-02-11,North America,1.0,0.0
2020-02-12,North America,0.0,0.0
2020-02-13,North America,1.0,0.0
2020-02-14,North America,0.0,0.0
2020-02-15,North America,0.0,0.0
2020-02-16,North America,0.0,0.0
2020-02-17,North America,1.0,0.0
2020-02-18,North America,0.0,0.0
2020-02-19,North America,0.0,0.0
2020-02-20,North America,0.0,0.0
2020-02-21,North America,3.0,0.0
2020-02-22,North America,0.0,0.0
2020-02-23,North America,0.0,0.0
2020-02-24,North America,1.0,0.0
2020-02-25,North America,1.0,0.0
2020-02-26,North America,0.0,0.0
2020-02-27,North America,3.0,0.0
2020-02-28,North America,2.0,0.0
2020-02-29,North America,17.0,1.0
2020-03-01,North America,13.0,0.0
2020-03-02,North America,26.0,5.0
2020-03-03,North America,22.0,1.0
2020-03-04,North America,36.0,4.0
2020-03-05,North America,81.0,1.0
2020-03-06,North America,68.0,2.0
2020-03-07,North America,171.0,3.0
2020-03-08,North America,134.0,4.0
2020-03-09,North America,92.0,2.0
2020-03-10,North America,191.0,6.0
2020-03-11,North America,409.0,6.0
2020-03-12,North America,468.0,10.0
2020-03-13,North America,748.0,8.0
2020-03-14,North America,802.0,7.0
2020-03-15,North America,312.0,12.0
2020-03-16,North America,1686.0,31.0
2020-03-17,North America,1949.0,40.0
2020-03-18,North America,2893.0,66.0
2020-03-19,North America,4759.0,76.0
2020-03-20,North America,6658.0,111.0
2020-03-21,North America,6563.0,108.0
2020-03-22,North America,9382.0,120.0
2020-03-23,North America,12026.0,202.0
2020-03-24,North America,11471.0,249.0
2020-03-25,North America,12853.0,347.0
2020-03-26,North America,19053.0,436.0
2020-03-27,North America,19743.0,542.0
2020-03-28,North America,21031.0,672.0
2020-03-29,North America,20084.0,642.0
2020-03-30,North America,23532.0,761.0
2020-03-31,North America,28016.0,1143.0
2020-04-01,North America,33718.0,1372.0
2020-04-02,North America,34457.0,1581.0
2020-04-03,North America,33970.0,1505.0
2020-04-04,North America,33483.0,1677.0
2020-04-05,North America,33367.0,1734.0
2020-04-06,North America,32855.0,1905.0
2020-04-07,North America,32770.0,2676.0
2020-04-08,North America,33282.0,2271.0
2020-04-09,North America,38389.0,2365.0
2020-04-10,North America,36881.0,2356.0
2020-04-11,North America,31236.0,2300.0
2020-04-12,North America,29252.0,2048.0
2020-04-13,North America,29133.0,2189.0
2020-04-14,North America,30804.0,2671.0
2020-04-15,North America,27637.0,2809.0
2020-04-16,North America,33520.0,2416.0
2020-04-17,North America,36365.0,2320.0
2020-04-18,North America,30640.0,2268.0
2020-04-19,North America,28659.0,2189.0
2020-04-20,North America,33006.0,2422.0
2020-04-21,North America,28756.0,2880.0
2020-04-22,North America,32719.0,2778.0
2020-04-23,North America,37058.0,2758.0
2020-04-24,North America,35795.0,2549.0
2020-04-25,North America,33369.0,2005.0
2020-04-26,North America,29581.0,1614.0
2020-04-27,North America,26666.0,1794.0
2020-04-28,North America,27579.0,2560.0
2020-04-29,North America,29964.0,2837.0
2020-04-30,North America,32873.0,2622.0
2020-05-01,North America,38991.0,2238.0
2020-05-02,North America,31335.0,1984.0
2020-05-03,North America,28795.0,1428.0
2020-05-04,North America,27600.0,1746.0
2020-05-05,North America,27679.0,2669.0
2020-05-06,North America,28498.0,2675.0
2020-05-07,North America,31687.0,2357.0
2020-05-08,North America,30931.0,2118.0
2020-05-09,North America,29246.0,1911.0
2020-05-10,North America,22618.0,1219.0
2020-05-11,North America,22498.0,1293.0
2020-05-12,North America,26694.0,2113.0
2020-05-13,North America,24290.0,2146.0
2020-05-14,North America,31099.0,2186.0
2020-05-15,North America,29337.0,2085.0
2020-05-16,North America,28428.0,1677.0
2020-05-17,North America,22141.0,1054.0
2020-05-18,North America,26850.0,1476.0
2020-05-19,North America,26255.0,1887.0
2020-05-20,North America,26712.0,2042.0
2020-05-21,North America,30897.0,1720.0
2020-05-22,North America,28986.0,1846.0
2020-05-23,North America,26897.0,1410.0
2020-05-24,North America,25555.0,961.0
2020-05-25,North America,23427.0,926.0
2020-05-26,North America,25598.0,1313.0
2020-05-27,North America,24297.0,2054.0
2020-05-28,North America,27978.0,1715.0
2020-05-29,North America,30036.0,1616.0
2020-05-30,North America,28920.0,1422.0
2020-05-31,North America,24513.0,952.0
2020-06-01,North America,22499.0,1084.0
2020-06-02,North America,27642.0,1553.0
2020-06-03,North America,25798.0,2191.0
2020-06-04,North America,28424.0,1918.0
2020-06-05,North America,31872.0,1626.0
2020-06-06,North America,26998.0,1134.0
2020-06-07,North America,23805.0,723.0
2020-06-08,North America,23033.0,933.0
2020-06-09,North America,25300.0,1602.0
2020-06-10,North America,28684.0,1683.0
2020-06-11,North America,30650.0,1493.0
2020-06-12,North America,32936.0,1404.0
2020-06-13,North America,31717.0,1242.0
2020-06-14,North America,26150.0,673.0
2020-06-15,North America,25044.0,897.0
2020-06-16,North America,31145.0,1623.0
2020-06-17,North America,34978.0,1582.0
2020-06-18,North America,37256.0,1410.0
2020-06-19,North America,39946.0,1378.0
2020-06-20,North America,40838.0,1055.0
2020-06-21,North America,33671.0,1420.0
2020-06-22,North America,40043.0,1275.0
2020-06-23,North America,46931.0,1645.0
2020-06-24,North America,44271.0,1792.0
2020-06-25,North America,50417.0,1364.0
2020-06-26,North America,54363.0,1490.0
2020-06-27,North America,49667.0,1195.0
2020-06-28,North America,49029.0,645.0
2020-06-29,North America,48866.0,955.0
2020-06-30,North America,56007.0,1340.0
2020-07-01,North America,61726.0,1579.0
2020-07-02,North America,67815.0,1555.0
2020-07-03,North America,62980.0,1405.0
2020-07-04,North America,57480.0,947.0
2020-07-05,North America,60622.0,680.0
2020-07-06,North America,52303.0,961.0
2020-07-07,North America,70859.0,2169.0
2020-07-08,North America,71367.0,1737.0
2020-07-09,North America,74907.0,1852.0
2020-07-10,North America,79786.0,1641.0
2020-07-11,North America,70809.0,1390.0
2020-07-12,North America,67808.0,847.0
2020-07-13,North America,68422.0,1022.0
2020-07-14,North America,79929.0,1901.0
2020-07-15,North America,80101.0,1688.0
2020-07-16,North America,87551.0,1746.0
2020-07-17,North America,84835.0,1797.0
2020-07-18,North America,78957.0,1575.0
2020-07-19,North America,71262.0,866.0
2020-07-20,North America,72127.0,978.0
2020-07-21,North America,76355.0,2157.0
2020-07-22,North America,81588.0,2126.0
2020-07-23,North America,83099.0,1934.0
2020-07-24,North America,87018.0,2015.0
2020-07-25,North America,78203.0,1781.0
2020-07-26,North America,66630.0,942.0
2020-07-27,North America,66655.0,1625.0
2020-07-28,North America,78493.0,2349.0
2020-07-29,North America,83182.0,2090.0
2020-07-30,North America,80787.0,2030.0
2020-07-31,North America,83146.0,2066.0
2020-08-01,North America,71624.0,2003.0
2020-08-02,North America,54674.0,799.0
2020-08-03,North America,54136.0,929.0
2020-08-04,North America,70266.0,2327.0
2020-08-05,North America,66235.0,2352.0
2020-08-06,North America,71055.0,2208.0
2020-08-07,North America,71971.0,2154.0
2020-08-08,North America,65936.0,1893.0
2020-08-09,North America,54102.0,969.0
2020-08-10,North America,57554.0,1398.0
2020-08-11,North America,59548.0,2030.0
2020-08-12,North America,66674.0,2361.0
2020-08-13,North America,64468.0,1799.0
2020-08-14,North America,76588.0,2066.0
2020-08-15,North America,58625.0,1741.0
2020-08-16,North America,47907.0,910.0
2020-08-17,North America,43432.0,844.0
2020-08-18,North America,54822.0,2126.0
2020-08-19,North America,58503.0,2129.0
2020-08-20,North America,54722.0,1814.0
2020-08-21,North America,59892.0,1708.0
2020-08-22,North America,54441.0,1749.0
2020-08-23,North America,42683.0,798.0
2020-08-24,North America,44379.0,903.0
2020-08-25,North America,49925.0,1979.0
2020-08-26,North America,55455.0,1960.0
2020-08-27,North America,56563.0,1755.0
2020-08-28,North America,58326.0,1639.0
2020-08-29,North America,53369.0,1676.0
2020-08-30,North America,41278.0,862.0
2020-08-31,North America,44636.0,928.0
2020-09-01,North America,52408.0,1979.0
2020-09-02,North America,50793.0,1748.0
2020-09-03,North America,55485.0,1675.0
2020-09-04,North America,60778.0,1558.0
2020-09-05,North America,55353.0,1384.0
2020-09-06,North America,38443.0,713.0
2020-09-07,North America,30958.0,629.0
2020-09-08,North America,38345.0,1266.0
2020-09-09,North America,43268.0,1797.0
2020-09-10,North America,46028.0,1598.0
2020-09-11,North America,58277.0,1786.0
2020-09-12,North America,52614.0,1218.0
2020-09-13,North America,41654.0,703.0
2020-09-14,North America,43588.0,768.0
2020-09-15,North America,48166.0,1906.0
2020-09-16,North America,48686.0,1338.0
2020-09-17,North America,53800.0,1184.0
2020-09-18,North America,59856.0,1666.0
2020-09-19,North America,52787.0,1298.0
2020-09-20,North America,45550.0,571.0
2020-09-21,North America,60958.0,745.0
2020-09-22,North America,49467.0,1760.0
2020-09-23,North America,49116.0,1752.0
2020-09-24,North America,57797.0,1486.0
2020-09-25,North America,59970.0,1438.0
2020-09-26,North America,55329.0,1277.0
2020-09-27,North America,44856.0,550.0
2020-09-28,North America,42708.0,621.0
2020-09-29,North America,53115.0,1524.0
2020-09-30,North America,50915.0,1533.0
2020-10-01,North America,56516.0,1401.0
2020-10-02,North America,65760.0,1431.0
2020-10-03,North America,59089.0,1172.0
2020-10-04,North America,44238.0,693.0
2020-10-05,North America,74567.0,3381.0
2020-10-06,North America,56147.0,1253.0
2020-10-07,North America,61628.0,1414.0
2020-10-08,North America,70761.0,1442.0
2020-10-09,North America,68979.0,1452.0
2020-10-10,North America,65863.0,894.0
2020-10-11,North America,53506.0,666.0
2020-10-12,North America,49797.0,644.0
2020-10-13,North America,63696.0,1371.0
2020-10-14,North America,71084.0,1554.0
2020-10-15,North America,77142.0,1367.0
2020-10-16,North America,82376.0,1457.0
2020-10-17,North America,66525.0,1222.0
2020-10-18,North America,59856.0,670.0
2020-10-19,North America,78413.0,754.0
2020-10-20,North America,73760.0,1557.0
2020-10-21,North America,76944.0,1787.0
2020-10-22,North America,89605.0,993.0
2020-10-23,North America,94308.0,1934.0
2020-10-24,North America,95614.0,1476.0
2020-10-25,North America,71325.0,732.0
2020-10-26,North America,79132.0,889.0
2020-10-27,North America,88671.0,1706.0
2020-10-28,North America,91641.0,1641.0
2020-10-29,North America,104107.0,1577.0
2020-10-30,North America,112760.0,1694.0
2020-10-31,North America,101619.0,1469.0
2020-11-01,North America,114840.0,707.0
2020-11-02,North America,94941.0,869.0
2020-11-03,North America,139755.0,2201.0
2020-11-04,North America,115831.0,1869.0
2020-11-05,North America,141678.0,1801.0
2020-11-06,North America,143037.0,1912.0
2020-11-07,North America,141857.0,1662.0
2020-11-08,North America,126882.0,876.0
2020-11-09,North America,133537.0,1114.0
2020-11-10,North America,154310.0,2166.0
2020-11-11,North America,161786.0,2149.0
2020-11-12,North America,180144.0,1959.0
2020-11-13,North America,195436.0,1916.0
2020-11-14,North America,181915.0,2115.0
2020-11-15,North America,146488.0,1148.0
2020-11-16,North America,175087.0,1303.0
2020-11-17,North America,173411.0,2005.0
2020-11-18,North America,185432.0,2643.0
2020-11-19,North America,204986.0,2773.0
2020-11-20,North America,213434.0,2805.0
2020-11-21,North America,194881.0,2277.0
2020-11-22,North America,163274.0,1411.0
2020-11-23,North America,193521.0,1528.0
2020-11-24,North America,194931.0,3111.0
2020-11-25,North America,203001.0,3252.0
2020-11-26,North America,131991.0,2178.0
2020-11-27,North America,231273.0,2333.0
2020-11-28,North America,175554.0,2065.0
2020-11-29,North America,154038.0,1352.0
2020-11-30,North America,179336.0,1839.0
2020-12-01,North America,205777.0,3503.0
2020-12-02,North America,225501.0,3786.0
2020-12-03,North America,246699.0,3753.0
2020-12-04,North America,256682.0,3537.0
2020-12-05,North America,237677.0,3064.0
2020-12-06,North America,199214.0,1734.0
2020-12-07,North America,214054.0,2208.0
2020-12-08,North America,246480.0,3606.0
2020-12-09,North America,246310.0,4166.0
2020-12-10,North America,255956.0,3873.0
2020-12-11,North America,263352.0,4315.0
2020-12-12,North America,240455.0,3305.0
2020-12-13,North America,206232.0,1997.0
2020-12-14,North America,212876.0,2298.0
2020-12-15,North America,232312.0,4131.0
2020-12-16,North America,269174.0,4610.0
2020-12-17,North America,264101.0,4456.0
2020-12-18,North America,276458.0,3916.0
2020-12-19,North America,216213.0,3444.0
2020-12-20,North America,205842.0,2201.0
2020-12-21,North America,217258.0,2612.0
2020-12-22,North America,222505.0,4534.0
2020-12-23,North America,253741.0,4494.0
2020-12-24,North America,220695.0,3997.0
2020-12-25,North America,114381.0,2180.0
2020-12-26,North America,237984.0,2201.0
2020-12-27,North America,175566.0,2004.0
2020-12-28,North America,194095.0,2747.0
2020-12-29,North America,227727.0,4940.0
2020-12-30,North America,262051.0,5023.0
2020-12-31,North America,261980.0,4549.0
2021-01-01,North America,171556.0,2952.0
2021-01-02,North America,313930.0,2991.0
2021-01-03,North America,233661.0,1962.0
2021-01-04,North America,208708.0,3024.0
2021-01-05,North America,259276.0,4967.0
2021-01-06,North America,284982.0,5305.0
2021-01-07,North America,307757.0,5232.0
2021-01-08,North America,324225.0,5351.0
2021-01-09,North America,296129.0,4627.0
2021-01-10,North America,236419.0,2602.0
2021-01-11,North America,237308.0,2936.0
2021-01-12,North America,257149.0,6036.0
2021-01-13,North America,261836.0,5512.0
2021-01-14,North America,267189.0,5199.0
2021-01-15,North America,276030.0,5192.0
2021-01-16,North America,236408.0,4804.0
2021-01-17,North America,199951.0,2492.0
2021-01-18,North America,164821.0,2242.0
2021-01-19,North America,207282.0,4581.0
2021-01-20,North America,215892.0,6202.0
2021-01-21,North America,229491.0,6216.0
2021-01-22,North America,223876.0,5508.0
2021-01-23,North America,201882.0,4990.0
2021-01-24,North America,151704.0,2559.0
2021-01-25,North America,171172.0,2849.0
2021-01-26,North America,174451.0,6011.0
2021-01-27,North America,182142.0,5771.0
2021-01-28,North America,198321.0,5818.0
2021-01-29,North America,194134.0,5291.0
2021-01-30,North America,167753.0,4457.0
2021-01-31,North America,128635.0,2440.0
2021-02-01,North America,148966.0,2809.0
2021-02-02,North America,127963.0,4085.0
2021-02-03,North America,144070.0,5796.0
2021-02-04,North America,133691.0,3984.0
2021-02-05,North America,170303.0,6902.0
2021-02-06,North America,126132.0,4267.0
2021-02-07,North America,102839.0,1911.0
2021-02-08,North America,102752.0,2325.0
2021-02-09,North America,113091.0,4983.0
2021-02-10,North America,114402.0,4828.0
2021-02-11,North America,125020.0,4845.0
2021-02-12,North America,118413.0,4394.0
2021-02-13,North America,105289.0,3549.0
2021-02-14,North America,74381.0,1637.0
2021-02-15,North America,63771.0,1547.0
2021-02-16,North America,80067.0,3206.0
2021-02-17,North America,85927.0,3586.0
2021-02-18,North America,87387.0,3553.0
2021-02-19,North America,122047.0,3725.0
2021-02-20,North America,86315.0,2786.0
2021-02-21,North America,66090.0,1687.0
2021-02-22,North America,66524.0,1999.0
2021-02-23,North America,85891.0,3670.0
2020-01-26,Oceania,4.0,0.0
2020-01-27,Oceania,1.0,0.0
2020-01-28,Oceania,0.0,0.0
2020-01-29,Oceania,1.0,0.0
2020-01-30,Oceania,3.0,0.0
2020-01-31,Oceania,0.0,0.0
2020-02-01,Oceania,3.0,0.0
2020-02-02,Oceania,0.0,0.0
2020-02-03,Oceania,0.0,0.0
2020-02-04,Oceania,1.0,0.0
2020-02-05,Oceania,0.0,0.0
2020-02-06,Oceania,1.0,0.0
2020-02-07,Oceania,1.0,0.0
2020-02-08,Oceania,0.0,0.0
2020-02-09,Oceania,0.0,0.0
2020-02-10,Oceania,0.0,0.0
2020-02-11,Oceania,0.0,0.0
2020-02-12,Oceania,0.0,0.0
2020-02-13,Oceania,0.0,0.0
2020-02-14,Oceania,0.0,0.0
2020-02-15,Oceania,0.0,0.0
2020-02-16,Oceania,0.0,0.0
2020-02-17,Oceania,0.0,0.0
2020-02-18,Oceania,0.0,0.0
2020-02-19,Oceania,0.0,0.0
2020-02-20,Oceania,0.0,0.0
2020-02-21,Oceania,0.0,0.0
2020-02-22,Oceania,0.0,0.0
2020-02-23,Oceania,0.0,0.0
2020-02-24,Oceania,0.0,0.0
2020-02-25,Oceania,0.0,0.0
2020-02-26,Oceania,0.0,0.0
2020-02-27,Oceania,0.0,0.0
2020-02-28,Oceania,1.0,0.0
2020-02-29,Oceania,10.0,0.0
2020-03-01,Oceania,2.0,1.0
2020-03-02,Oceania,3.0,0.0
2020-03-03,Oceania,9.0,0.0
2020-03-04,Oceania,15.0,1.0
2020-03-05,Oceania,3.0,0.0
2020-03-06,Oceania,6.0,0.0
2020-03-07,Oceania,4.0,0.0
2020-03-08,Oceania,13.0,1.0
2020-03-09,Oceania,15.0,0.0
2020-03-10,Oceania,16.0,0.0
2020-03-11,Oceania,21.0,0.0
2020-03-12,Oceania,0.0,0.0
2020-03-13,Oceania,72.0,0.0
2020-03-14,Oceania,51.0,0.0
2020-03-15,Oceania,49.0,0.0
2020-03-16,Oceania,80.0,0.0
2020-03-17,Oceania,79.0,2.0
2020-03-18,Oceania,124.0,1.0
2020-03-19,Oceania,122.0,0.0
2020-03-20,Oceania,122.0,1.0
2020-03-21,Oceania,293.0,0.0
2020-03-22,Oceania,529.0,0.0
2020-03-23,Oceania,134.0,0.0
2020-03-24,Oceania,416.0,1.0
2020-03-25,Oceania,371.0,0.0
2020-03-26,Oceania,524.0,5.0
2020-03-27,Oceania,418.0,0.0
2020-03-28,Oceania,580.0,1.0
2020-03-29,Oceania,407.0,3.0
2020-03-30,Oceania,452.0,1.0
2020-03-31,Oceania,256.0,1.0
2020-04-01,Oceania,364.0,2.0
2020-04-02,Oceania,345.0,4.0
2020-04-03,Oceania,285.0,4.0
2020-04-04,Oceania,307.0,2.0
2020-04-05,Oceania,226.0,5.0
2020-04-06,Oceania,180.0,5.0
2020-04-07,Oceania,153.0,5.0
2020-04-08,Oceania,165.0,5.0
2020-04-09,Oceania,127.0,1.0
2020-04-10,Oceania,152.0,4.0
2020-04-11,Oceania,117.0,5.0
2020-04-12,Oceania,30.0,3.0
2020-04-13,Oceania,55.0,2.0
2020-04-14,Oceania,81.0,5.0
2020-04-15,Oceania,45.0,1.0
2020-04-16,Oceania,43.0,0.0
2020-04-17,Oceania,68.0,5.0
2020-04-18,Oceania,59.0,1.0
2020-04-19,Oceania,51.0,1.0
2020-04-20,Oceania,23.0,0.0
2020-04-21,Oceania,27.0,1.0
2020-04-22,Oceania,14.0,1.0
2020-04-23,Oceania,15.0,11.0
2020-04-24,Oceania,20.0,5.0
2020-04-25,Oceania,26.0,1.0
2020-04-26,Oceania,19.0,4.0
2020-04-27,Oceania,10.0,0.0
2020-04-28,Oceania,25.0,6.0
2020-04-29,Oceania,10.0,2.0
2020-04-30,Oceania,17.0,2.0
2020-05-01,Oceania,18.0,1.0
2020-05-02,Oceania,23.0,1.0
2020-05-03,Oceania,23.0,1.0
2020-05-04,Oceania,24.0,1.0
2020-05-05,Oceania,30.0,2.0
2020-05-06,Oceania,20.0,0.0
2020-05-07,Oceania,20.0,0.0
2020-05-08,Oceania,7.0,0.0
2020-05-09,Oceania,23.0,0.0
2020-05-10,Oceania,12.0,0.0
2020-05-11,Oceania,22.0,0.0
2020-05-12,Oceania,10.0,1.0
2020-05-13,Oceania,9.0,0.0
2020-05-14,Oceania,31.0,0.0
2020-05-15,Oceania,16.0,0.0
2020-05-16,Oceania,10.0,0.0
2020-05-17,Oceania,10.0,1.0
2020-05-18,Oceania,14.0,0.0
2020-05-19,Oceania,8.0,1.0
2020-05-20,Oceania,9.0,0.0
2020-05-21,Oceania,15.0,1.0
2020-05-22,Oceania,4.0,0.0
2020-05-23,Oceania,15.0,1.0
2020-05-24,Oceania,0.0,0.0
2020-05-25,Oceania,12.0,0.0
2020-05-26,Oceania,13.0,1.0
2020-05-27,Oceania,11.0,1.0
2020-05-28,Oceania,15.0,0.0
2020-05-29,Oceania,19.0,0.0
2020-05-30,Oceania,8.0,0.0
2020-05-31,Oceania,10.0,0.0
2020-06-01,Oceania,19.0,-1.0
2020-06-02,Oceania,8.0,0.0
2020-06-03,Oceania,11.0,0.0
2020-06-04,Oceania,7.0,0.0
2020-06-05,Oceania,5.0,0.0
2020-06-06,Oceania,7.0,0.0
2020-06-07,Oceania,6.0,0.0
2020-06-08,Oceania,2.0,0.0
2020-06-09,Oceania,7.0,0.0
2020-06-10,Oceania,11.0,0.0
2020-06-11,Oceania,4.0,0.0
2020-06-12,Oceania,5.0,0.0
2020-06-13,Oceania,26.0,0.0
2020-06-14,Oceania,15.0,0.0
2020-06-15,Oceania,14.0,0.0
2020-06-16,Oceania,23.0,0.0
2020-06-17,Oceania,22.0,0.0
2020-06-18,Oceania,18.0,0.0
2020-06-19,Oceania,4.0,0.0
2020-06-20,Oceania,52.0,0.0
2020-06-21,Oceania,15.0,0.0
2020-06-22,Oceania,21.0,0.0
2020-06-23,Oceania,30.0,1.0
2020-06-24,Oceania,41.0,1.0
2020-06-25,Oceania,38.0,0.0
2020-06-26,Oceania,9.0,0.0
2020-06-27,Oceania,89.0,0.0
2020-06-28,Oceania,80.0,0.0
2020-06-29,Oceania,70.0,0.0
2020-06-30,Oceania,86.0,0.0
2020-07-01,Oceania,83.0,0.0
2020-07-02,Oceania,65.0,0.0
2020-07-03,Oceania,194.0,0.0
2020-07-04,Oceania,186.0,0.0
2020-07-05,Oceania,142.0,2.0
2020-07-06,Oceania,176.0,0.0
2020-07-07,Oceania,132.0,0.0
2020-07-08,Oceania,173.0,0.0
2020-07-09,Oceania,325.0,0.0
2020-07-10,Oceania,180.0,1.0
2020-07-11,Oceania,245.0,1.0
2020-07-12,Oceania,183.0,0.0
2020-07-13,Oceania,272.0,0.0
2020-07-14,Oceania,238.0,3.0
2020-07-15,Oceania,324.0,2.0
2020-07-16,Oceania,424.0,3.0
2020-07-17,Oceania,213.0,2.0
2020-07-18,Oceania,365.0,4.0
2020-07-19,Oceania,269.0,1.0
2020-07-20,Oceania,363.0,3.0
2020-07-21,Oceania,474.0,2.0
2020-07-22,Oceania,411.0,5.0
2020-07-23,Oceania,295.0,6.0
2020-07-24,Oceania,356.0,6.0
2020-07-25,Oceania,460.0,10.0
2020-07-26,Oceania,555.0,6.0
2020-07-27,Oceania,369.0,6.0
2020-07-28,Oceania,282.0,9.0
2020-07-29,Oceania,717.0,14.0
2020-07-30,Oceania,605.0,8.0
2020-07-31,Oceania,388.0,6.0
2020-08-01,Oceania,637.0,7.0
2020-08-02,Oceania,444.0,13.0
2020-08-03,Oceania,413.0,11.0
2020-08-04,Oceania,720.0,15.0
2020-08-05,Oceania,484.0,8.0
2020-08-06,Oceania,392.0,12.0
2020-08-07,Oceania,451.0,12.0
2020-08-08,Oceania,386.0,17.0
2020-08-09,Oceania,339.0,18.0
2020-08-10,Oceania,317.0,18.0
2020-08-11,Oceania,414.0,21.0
2020-08-12,Oceania,323.0,9.0
2020-08-13,Oceania,382.0,14.0
2020-08-14,Oceania,300.0,4.0
2020-08-15,Oceania,265.0,17.0
2020-08-16,Oceania,332.0,25.0
2020-08-17,Oceania,237.0,17.0
2020-08-18,Oceania,236.0,12.0
2020-08-19,Oceania,252.0,13.0
2020-08-20,Oceania,196.0,10.0
2020-08-21,Oceania,201.0,13.0
2020-08-22,Oceania,212.0,17.0
2020-08-23,Oceania,153.0,15.0
2020-08-24,Oceania,145.0,8.0
2020-08-25,Oceania,174.0,24.0
2020-08-26,Oceania,125.0,23.0
2020-08-27,Oceania,143.0,12.0
2020-08-28,Oceania,141.0,18.0
2020-08-29,Oceania,125.0,11.0
2020-08-30,Oceania,91.0,41.0
2020-08-31,Oceania,87.0,5.0
2020-09-01,Oceania,111.0,6.0
2020-09-02,Oceania,139.0,15.0
2020-09-03,Oceania,92.0,59.0
2020-09-04,Oceania,82.0,13.0
2020-09-05,Oceania,87.0,5.0
2020-09-06,Oceania,56.0,9.0
2020-09-07,Oceania,58.0,8.0
2020-09-08,Oceania,104.0,11.0
2020-09-09,Oceania,65.0,7.0
2020-09-10,Oceania,44.0,9.0
2020-09-11,Oceania,46.0,6.0
2020-09-12,Oceania,46.0,7.0
2020-09-13,Oceania,44.0,7.0
2020-09-14,Oceania,51.0,0.0
2020-09-15,Oceania,40.0,9.0
2020-09-16,Oceania,47.0,8.0
2020-09-17,Oceania,48.0,5.0
2020-09-18,Oceania,26.0,7.0
2020-09-19,Oceania,17.0,5.0
2020-09-20,Oceania,15.0,3.0
2020-09-21,Oceania,30.0,3.0
2020-09-22,Oceania,49.0,5.0
2020-09-23,Oceania,11.0,2.0
2020-09-24,Oceania,26.0,8.0
2020-09-25,Oceania,19.0,1.0
2020-09-26,Oceania,26.0,2.0
2020-09-27,Oceania,4.0,3.0
2020-09-28,Oceania,13.0,7.0
2020-09-29,Oceania,26.0,4.0
2020-09-30,Oceania,30.0,2.0
2020-10-01,Oceania,18.0,2.0
2020-10-02,Oceania,13.0,3.0
2020-10-03,Oceania,20.0,1.0
2020-10-04,Oceania,14.0,0.0
2020-10-05,Oceania,28.0,1.0
2020-10-06,Oceania,12.0,2.0
2020-10-07,Oceania,28.0,0.0
2020-10-08,Oceania,30.0,0.0
2020-10-09,Oceania,22.0,0.0
2020-10-10,Oceania,20.0,1.0
2020-10-11,Oceania,27.0,0.0
2020-10-12,Oceania,39.0,1.0
2020-10-13,Oceania,29.0,5.0
2020-10-14,Oceania,35.0,0.0
2020-10-15,Oceania,19.0,0.0
2020-10-16,Oceania,10.0,0.0
2020-10-17,Oceania,18.0,0.0
2020-10-18,Oceania,9.0,1.0
2020-10-19,Oceania,7.0,0.0
2020-10-20,Oceania,63.0,0.0
2020-10-21,Oceania,18.0,0.0
2020-10-22,Oceania,30.0,0.0
2020-10-23,Oceania,30.0,0.0
2020-10-24,Oceania,19.0,0.0
2020-10-25,Oceania,17.0,0.0
2020-10-26,Oceania,20.0,0.0
2020-10-27,Oceania,20.0,2.0
2020-10-28,Oceania,20.0,0.0
2020-10-29,Oceania,17.0,0.0
2020-10-30,Oceania,13.0,0.0
2020-10-31,Oceania,12.0,0.0
2020-11-01,Oceania,10.0,0.0
2020-11-02,Oceania,20.0,0.0
2020-11-03,Oceania,22.0,0.0
2020-11-04,Oceania,10.0,0.0
2020-11-05,Oceania,14.0,0.0
2020-11-06,Oceania,10.0,0.0
2020-11-07,Oceania,12.0,0.0
2020-11-08,Oceania,13.0,0.0
2020-11-09,Oceania,8.0,0.0
2020-11-10,Oceania,4.0,0.0
2020-11-11,Oceania,8.0,0.0
2020-11-12,Oceania,5.0,0.0
2020-11-13,Oceania,10.0,0.0
2020-11-14,Oceania,32.0,0.0
2020-11-15,Oceania,40.0,0.0
2020-11-16,Oceania,13.0,0.0
2020-11-17,Oceania,25.0,0.0
2020-11-18,Oceania,13.0,0.0
2020-11-19,Oceania,10.0,0.0
2020-11-20,Oceania,20.0,0.0
2020-11-21,Oceania,24.0,0.0
2020-11-22,Oceania,15.0,0.0
2020-11-23,Oceania,36.0,0.0
2020-11-24,Oceania,22.0,0.0
2020-11-25,Oceania,28.0,0.0
2020-11-26,Oceania,15.0,0.0
2020-11-27,Oceania,17.0,0.0
2020-11-28,Oceania,6.0,0.0
2020-11-29,Oceania,16.0,1.0
2020-11-30,Oceania,28.0,0.0
2020-12-01,Oceania,25.0,0.0
2020-12-02,Oceania,25.0,0.0
2020-12-03,Oceania,12.0,0.0
2020-12-04,Oceania,18.0,0.0
2020-12-05,Oceania,9.0,0.0
2020-12-06,Oceania,8.0,0.0
2020-12-07,Oceania,21.0,0.0
2020-12-08,Oceania,22.0,0.0
2020-12-09,Oceania,7.0,0.0
2020-12-10,Oceania,15.0,0.0
2020-12-11,Oceania,50.0,1.0
2020-12-12,Oceania,9.0,0.0
2020-12-13,Oceania,14.0,0.0
2020-12-14,Oceania,11.0,0.0
2020-12-15,Oceania,20.0,0.0
2020-12-16,Oceania,12.0,0.0
2020-12-17,Oceania,62.0,0.0
2020-12-18,Oceania,33.0,0.0
2020-12-19,Oceania,48.0,0.0
2020-12-20,Oceania,35.0,0.0
2020-12-21,Oceania,22.0,1.0
2020-12-22,Oceania,25.0,0.0
2020-12-23,Oceania,25.0,0.0
2020-12-24,Oceania,31.0,0.0
2020-12-25,Oceania,23.0,0.0
2020-12-26,Oceania,27.0,0.0
2020-12-27,Oceania,29.0,1.0
2020-12-28,Oceania,19.0,0.0
2020-12-29,Oceania,35.0,0.0
2020-12-30,Oceania,35.0,0.0
2020-12-31,Oceania,20.0,0.0
2021-01-01,Oceania,35.0,0.0
2021-01-02,Oceania,43.0,0.0
2021-01-03,Oceania,39.0,0.0
2021-01-04,Oceania,18.0,0.0
2021-01-05,Oceania,23.0,0.0
2021-01-06,Oceania,12.0,0.0
2021-01-07,Oceania,25.0,0.0
2021-01-08,Oceania,23.0,0.0
2021-01-09,Oceania,44.0,0.0
2021-01-10,Oceania,22.0,0.0
2021-01-11,Oceania,28.0,0.0
2021-01-12,Oceania,26.0,0.0
2021-01-13,Oceania,20.0,0.0
2021-01-14,Oceania,28.0,0.0
2021-01-15,Oceania,20.0,0.0
2021-01-16,Oceania,31.0,0.0
2021-01-17,Oceania,19.0,0.0
2021-01-18,Oceania,10.0,0.0
2021-01-19,Oceania,14.0,0.0
2021-01-20,Oceania,10.0,0.0
2021-01-21,Oceania,16.0,0.0
2021-01-22,Oceania,5.0,0.0
2021-01-23,Oceania,13.0,0.0
2021-01-24,Oceania,16.0,0.0
2021-01-25,Oceania,5.0,0.0
2021-01-26,Oceania,26.0,0.0
2021-01-27,Oceania,13.0,0.0
2021-01-28,Oceania,11.0,0.0
2021-01-29,Oceania,5.0,0.0
2021-01-30,Oceania,6.0,0.0
2021-01-31,Oceania,7.0,0.0
2021-02-01,Oceania,24.0,0.0
2021-02-02,Oceania,7.0,0.0
2021-02-03,Oceania,15.0,0.0
2021-02-04,Oceania,6.0,0.0
2021-02-05,Oceania,30.0,0.0
2021-02-06,Oceania,8.0,0.0
2021-02-07,Oceania,10.0,0.0
2021-02-08,Oceania,10.0,0.0
2021-02-09,Oceania,13.0,0.0
2021-02-10,Oceania,9.0,0.0
2021-02-11,Oceania,24.0,0.0
2021-02-12,Oceania,7.0,0.0
2021-02-13,Oceania,8.0,0.0
2021-02-14,Oceania,8.0,0.0
2021-02-15,Oceania,7.0,1.0
2021-02-16,Oceania,50.0,1.0
2021-02-17,Oceania,5.0,0.0
2021-02-18,Oceania,10.0,0.0
2021-02-19,Oceania,4.0,0.0
2021-02-20,Oceania,21.0,0.0
2021-02-21,Oceania,11.0,0.0
2021-02-22,Oceania,99.0,0.0
2021-02-23,Oceania,59.0,0.0
2020-01-01,South America,0.0,0.0
2020-01-02,South America,0.0,0.0
2020-01-03,South America,0.0,0.0
2020-01-04,South America,0.0,0.0
2020-01-05,South America,0.0,0.0
2020-01-06,South America,0.0,0.0
2020-01-07,South America,0.0,0.0
2020-01-08,South America,0.0,0.0
2020-01-09,South America,0.0,0.0
2020-01-10,South America,0.0,0.0
2020-01-11,South America,0.0,0.0
2020-01-12,South America,0.0,0.0
2020-01-13,South America,0.0,0.0
2020-01-14,South America,0.0,0.0
2020-01-15,South America,0.0,0.0
2020-01-16,South America,0.0,0.0
2020-01-17,South America,0.0,0.0
2020-01-18,South America,0.0,0.0
2020-01-19,South America,0.0,0.0
2020-01-20,South America,0.0,0.0
2020-01-21,South America,0.0,0.0
2020-01-22,South America,0.0,0.0
2020-01-23,South America,0.0,0.0
2020-01-24,South America,0.0,0.0
2020-01-25,South America,0.0,0.0
2020-01-26,South America,0.0,0.0
2020-01-27,South America,0.0,0.0
2020-01-28,South America,0.0,0.0
2020-01-29,South America,0.0,0.0
2020-01-30,South America,0.0,0.0
2020-01-31,South America,0.0,0.0
2020-02-01,South America,0.0,0.0
2020-02-02,South America,0.0,0.0
2020-02-03,South America,0.0,0.0
2020-02-04,South America,0.0,0.0
2020-02-05,South America,0.0,0.0
2020-02-06,South America,0.0,0.0
2020-02-07,South America,0.0,0.0
2020-02-08,South America,0.0,0.0
2020-02-09,South America,0.0,0.0
2020-02-10,South America,0.0,0.0
2020-02-11,South America,0.0,0.0
2020-02-12,South America,0.0,0.0
2020-02-13,South America,0.0,0.0
2020-02-14,South America,0.0,0.0
2020-02-15,South America,0.0,0.0
2020-02-16,South America,0.0,0.0
2020-02-17,South America,0.0,0.0
2020-02-18,South America,0.0,0.0
2020-02-19,South America,0.0,0.0
2020-02-20,South America,0.0,0.0
2020-02-21,South America,0.0,0.0
2020-02-22,South America,0.0,0.0
2020-02-23,South America,2.0,0.0
2020-02-24,South America,0.0,0.0
2020-02-25,South America,0.0,0.0
2020-02-26,South America,1.0,0.0
2020-02-27,South America,0.0,0.0
2020-02-28,South America,0.0,0.0
2020-02-29,South America,1.0,0.0
2020-03-01,South America,13.0,0.0
2020-03-02,South America,0.0,0.0
2020-03-03,South America,3.0,0.0
2020-03-04,South America,5.0,0.0
2020-03-05,South America,6.0,0.0
2020-03-06,South America,12.0,0.0
2020-03-07,South America,6.0,0.0
2020-03-08,South America,25.0,1.0
2020-03-09,South America,7.0,0.0
2020-03-10,South America,22.0,0.0
2020-03-11,South America,33.0,0.0
2020-03-12,South America,19.0,1.0
2020-03-13,South America,154.0,1.0
2020-03-14,South America,78.0,2.0
2020-03-15,South America,65.0,0.0
2020-03-16,South America,236.0,0.0
2020-03-17,South America,290.0,1.0
2020-03-18,South America,242.0,2.0
2020-03-19,South America,471.0,5.0
2020-03-20,South America,641.0,10.0
2020-03-21,South America,712.0,10.0
2020-03-22,South America,1136.0,20.0
2020-03-23,South America,812.0,15.0
2020-03-24,South America,836.0,26.0
2020-03-25,South America,823.0,21.0
2020-03-26,South America,1113.0,28.0
2020-03-27,South America,1183.0,25.0
2020-03-28,South America,1332.0,44.0
2020-03-29,South America,1029.0,44.0
2020-03-30,South America,988.0,42.0
2020-03-31,South America,2196.0,78.0
2020-04-01,South America,2377.0,73.0
2020-04-02,South America,2300.0,147.0
2020-04-03,South America,2021.0,83.0
2020-04-04,South America,2416.0,143.0
2020-04-05,South America,1912.0,71.0
2020-04-06,South America,2010.0,119.0
2020-04-07,South America,2866.0,160.0
2020-04-08,South America,5076.0,218.0
2020-04-09,South America,4106.0,214.0
2020-04-10,South America,5372.0,194.0
2020-04-11,South America,3073.0,127.0
2020-04-12,South America,2876.0,156.0
2020-04-13,South America,4074.0,166.0
2020-04-14,South America,3060.0,264.0
2020-04-15,South America,5195.0,264.0
2020-04-16,South America,4351.0,252.0
2020-04-17,South America,5292.0,291.0
2020-04-18,South America,5720.0,325.0
2020-04-19,South America,4333.0,204.0
2020-04-20,South America,4205.0,224.0
2020-04-21,South America,4777.0,236.0
2020-04-22,South America,5353.0,260.0
2020-04-23,South America,7416.0,526.0
2020-04-24,South America,17393.0,479.0
2020-04-25,South America,10863.0,447.0
2020-04-26,South America,6881.0,289.0
2020-04-27,South America,6942.0,484.0
2020-04-28,South America,10381.0,797.0
2020-04-29,South America,10612.0,560.0
2020-04-30,South America,12490.0,661.0
2020-05-01,South America,11624.0,675.0
2020-05-02,South America,11347.0,773.0
2020-05-03,South America,12072.0,612.0
2020-05-04,South America,12088.0,427.0
2020-05-05,South America,12953.0,705.0
2020-05-06,South America,16464.0,827.0
2020-05-07,South America,13711.0,766.0
2020-05-08,South America,15492.0,1010.0
2020-05-09,South America,16974.0,794.0
2020-05-10,South America,12061.0,988.0
2020-05-11,South America,10654.0,660.0
2020-05-12,South America,15526.0,1123.0
2020-05-13,South America,20060.0,950.0
2020-05-14,South America,21211.0,933.0
2020-05-15,South America,25660.0,1406.0
2020-05-16,South America,25411.0,976.0
2020-05-17,South America,15279.0,685.0
2020-05-18,South America,20915.0,999.0
2020-05-19,South America,26626.0,1373.0
2020-05-20,South America,30723.0,1107.0
2020-05-21,South America,29298.0,1459.0
2020-05-22,South America,30509.0,1317.0
2020-05-23,South America,33011.0,1224.0
2020-05-24,South America,26430.0,832.0
2020-05-25,South America,23035.0,1168.0
2020-05-26,South America,28208.0,1300.0
2020-05-27,South America,34323.0,1437.0
2020-05-28,South America,40078.0,1399.0
2020-05-29,South America,39679.0,1383.0
2020-05-30,South America,57197.0,1206.0
2020-05-31,South America,32830.0,759.0
2020-06-01,South America,25038.0,891.0
2020-06-02,South America,44796.0,1637.0
2020-06-03,South America,38205.0,1687.0
2020-06-04,South America,43338.0,1773.0
2020-06-05,South America,42755.0,1370.0
2020-06-06,South America,49777.0,1315.0
2020-06-07,South America,32862.0,879.0
2020-06-08,South America,26516.0,1522.0
2020-06-09,South America,43991.0,1607.0
2020-06-10,South America,47816.0,1765.0
2020-06-11,South America,45943.0,1703.0
2020-06-12,South America,37984.0,1343.0
2020-06-13,South America,40798.0,1493.0
2020-06-14,South America,37637.0,1356.0
2020-06-15,South America,33675.0,976.0
2020-06-16,South America,48883.0,1670.0
2020-06-17,South America,42963.0,1858.0
2020-06-18,South America,37418.0,1888.0
2020-06-19,South America,71461.0,1873.0
2020-06-20,South America,48701.0,1548.0
2020-06-21,South America,31526.0,1213.0
2020-06-22,South America,36206.0,1035.0
2020-06-23,South America,53336.0,1765.0
2020-06-24,South America,57883.0,1753.0
2020-06-25,South America,56930.0,1792.0
2020-06-26,South America,63653.0,1610.0
2020-06-27,South America,55925.0,1793.0
2020-06-28,South America,45398.0,1212.0
2020-06-29,South America,37951.0,1226.0
2020-06-30,South America,47374.0,1734.0
2020-07-01,South America,62588.0,1600.0
2020-07-02,South America,63759.0,1946.0
2020-07-03,South America,58420.0,1902.0
2020-07-04,South America,54039.0,1759.0
2020-07-05,South America,41675.0,1115.0
2020-07-06,South America,33971.0,1186.0
2020-07-07,South America,60799.0,1806.0
2020-07-08,South America,59862.0,1814.0
2020-07-09,South America,60874.0,1816.0
2020-07-10,South America,64296.0,1871.0
2020-07-11,South America,57449.0,1732.0
2020-07-12,South America,40999.0,1215.0
2020-07-13,South America,35600.0,1250.0
2020-07-14,South America,59865.0,1857.0
2020-07-15,South America,57732.0,1886.0
2020-07-16,South America,67035.0,2000.0
2020-07-17,South America,57853.0,2842.0
2020-07-18,South America,50195.0,1583.0
2020-07-19,South America,43134.0,1304.0
2020-07-20,South America,39740.0,1343.0
2020-07-21,South America,63003.0,2069.0
2020-07-22,South America,90682.0,1935.0
2020-07-23,South America,83589.0,5850.0
2020-07-24,South America,78925.0,1916.0
2020-07-25,South America,69177.0,1804.0
2020-07-26,South America,41691.0,1010.0
2020-07-27,South America,55109.0,1725.0
2020-07-28,South America,67227.0,1717.0
2020-07-29,South America,93856.0,2461.0
2020-07-30,South America,80068.0,1860.0
2020-07-31,South America,80202.0,2030.0
2020-08-01,South America,67335.0,1571.0
2020-08-02,South America,68500.0,1678.0
2020-08-03,South America,40855.0,1504.0
2020-08-04,South America,77152.0,1998.0
2020-08-05,South America,88371.0,2255.0
2020-08-06,South America,86714.0,2114.0
2020-08-07,South America,81859.0,1932.0
2020-08-08,South America,71856.0,1452.0
2020-08-09,South America,57485.0,1516.0
2020-08-10,South America,49965.0,1535.0
2020-08-11,South America,84255.0,2189.0
2020-08-12,South America,81498.0,1888.0
2020-08-13,South America,94021.0,2125.0
2020-08-14,South America,92442.0,5851.0
2020-08-15,South America,65829.0,1321.0
2020-08-16,South America,55470.0,1331.0
2020-08-17,South America,46514.0,1432.0
2020-08-18,South America,78533.0,2170.0
2020-08-19,South America,83446.0,2177.0
2020-08-20,South America,79585.0,2007.0
2020-08-21,South America,61345.0,2034.0
2020-08-22,South America,82637.0,1813.0
2020-08-23,South America,50277.0,1367.0
2020-08-24,South America,50100.0,1621.0
2020-08-25,South America,76997.0,2089.0
2020-08-26,South America,80296.0,2005.0
2020-08-27,South America,75004.0,1839.0
2020-08-28,South America,77981.0,1702.0
2020-08-29,South America,73475.0,1530.0
2020-08-30,South America,45833.0,1236.0
2020-08-31,South America,74216.0,1373.0
2020-09-01,South America,71438.0,2169.0
2020-09-02,South America,77668.0,1992.0
2020-09-03,South America,69480.0,1565.0
2020-09-04,South America,87779.0,1948.0
2020-09-05,South America,62266.0,1421.0
2020-09-06,South America,40814.0,1037.0
2020-09-07,South America,27784.0,6531.0
2020-09-08,South America,40410.0,1267.0
2020-09-09,South America,66107.0,1874.0
2020-09-10,South America,72175.0,1762.0
2020-09-11,South America,76099.0,1701.0
2020-09-12,South America,64323.0,1420.0
2020-09-13,South America,43850.0,911.0
2020-09-14,South America,41897.0,1237.0
2020-09-15,South America,64463.0,1709.0
2020-09-16,South America,66234.0,1661.0
2020-09-17,South America,67771.0,1664.0
2020-09-18,South America,70160.0,1300.0
2020-09-19,South America,62092.0,1561.0
2020-09-20,South America,41896.0,972.0
2020-09-21,South America,37065.0,1075.0
2020-09-22,South America,56546.0,1439.0
2020-09-23,South America,33032.0,1115.0
2020-09-24,South America,97989.0,2621.0
2020-09-25,South America,70285.0,1841.0
2020-09-26,South America,52759.0,1557.0
2020-09-27,South America,40306.0,953.0
2020-09-28,South America,39182.0,1079.0
2020-09-29,South America,59230.0,1641.0
2020-09-30,South America,61646.0,1809.0
2020-10-01,South America,64592.0,4561.0
2020-10-02,South America,29400.0,767.0
2020-10-03,South America,85444.0,1948.0
2020-10-04,South America,27402.0,904.0
2020-10-05,South America,40344.0,1184.0
2020-10-06,South America,70408.0,1553.0
2020-10-07,South America,63196.0,1505.0
2020-10-08,South America,59363.0,1852.0
2020-10-09,South America,58133.0,1763.0
2020-10-10,South America,59668.0,1331.0
2020-10-11,South America,38097.0,917.0
2020-10-12,South America,30751.0,853.0
2020-10-13,South America,35443.0,995.0
2020-10-14,South America,51799.0,1365.0
2020-10-15,South America,62073.0,1561.0
2020-10-16,South America,60347.0,1492.0
2020-10-17,South America,51153.0,1226.0
2020-10-18,South America,24696.0,472.0
2020-10-19,South America,51373.0,1230.0
2020-10-20,South America,53767.0,1374.0
2020-10-21,South America,58044.0,1358.0
2020-10-22,South America,59308.0,1382.0
2020-10-23,South America,59251.0,1242.0
2020-10-24,South America,55404.0,1056.0
2020-10-25,South America,41186.0,886.0
2020-10-26,South America,39813.0,984.0
2020-10-27,South America,57120.0,1313.0
2020-10-28,South America,57403.0,1168.0
2020-10-29,South America,57324.0,1247.0
2020-10-30,South America,51811.0,1194.0
2020-10-31,South America,46243.0,964.0
2020-11-01,South America,31791.0,674.0
2020-11-02,South America,30565.0,892.0
2020-11-03,South America,32714.0,916.0
2020-11-04,South America,56035.0,1493.0
2020-11-05,South America,27054.0,614.0
2020-11-06,South America,66587.0,1580.0
2020-11-07,South America,45519.0,833.0
2020-11-08,South America,29823.0,652.0
2020-11-09,South America,29186.0,897.0
2020-11-10,South America,45924.0,725.0
2020-11-11,South America,74428.0,1273.0
2020-11-12,South America,60059.0,1497.0
2020-11-13,South America,55975.0,1030.0
2020-11-14,South America,62151.0,1464.0
2020-11-15,South America,32500.0,626.0
2020-11-16,South America,32722.0,837.0
2020-11-17,South America,55811.0,1315.0
2020-11-18,South America,56349.0,1290.0
2020-11-19,South America,57455.0,1099.0
2020-11-20,South America,63259.0,1202.0
2020-11-21,South America,55035.0,849.0
2020-11-22,South America,34238.0,590.0
2020-11-23,South America,31410.0,743.0
2020-11-24,South America,49597.0,1278.0
2020-11-25,South America,70274.0,1218.0
2020-11-26,South America,59953.0,1228.0
2020-11-27,South America,60440.0,1193.0
2020-11-28,South America,75483.0,1053.0
2020-11-29,South America,44850.0,755.0
2020-11-30,South America,38304.0,841.0
2020-12-01,South America,71691.0,1192.0
2020-12-02,South America,70791.0,1205.0
2020-12-03,South America,75261.0,1360.0
2020-12-04,South America,67234.0,1212.0
2020-12-05,South America,65732.0,1192.0
2020-12-06,South America,44050.0,749.0
2020-12-07,South America,34394.0,789.0
2020-12-08,South America,65780.0,1184.0
2020-12-09,South America,72452.0,1378.0
2020-12-10,South America,75453.0,1398.0
2020-12-11,South America,74752.0,1072.0
2020-12-12,South America,63702.0,1087.0
2020-12-13,South America,38789.0,632.0
2020-12-14,South America,46533.0,1062.0
2020-12-15,South America,65129.0,1434.0
2020-12-16,South America,94006.0,1367.0
2020-12-17,South America,97694.0,1685.0
2020-12-18,South America,78625.0,1276.0
2020-12-19,South America,75655.0,1137.0
2020-12-20,South America,51422.0,920.0
2020-12-21,South America,47983.0,1056.0
2020-12-22,South America,80634.0,1598.0
2020-12-23,South America,76482.0,1379.0
2020-12-24,South America,80599.0,1170.0
2020-12-25,South America,58441.0,1031.0
2020-12-26,South America,37537.0,779.0
2020-12-27,South America,36568.0,795.0
2020-12-28,South America,44152.0,989.0
2020-12-29,South America,88184.0,1668.0
2020-12-30,South America,87977.0,1757.0
2020-12-31,South America,96181.0,1733.0
2021-01-01,South America,47568.0,912.0
2021-01-02,South America,39297.0,750.0
2021-01-03,South America,39702.0,769.0
2021-01-04,South America,45506.0,1029.0
2021-01-05,South America,94346.0,1667.0
2021-01-06,South America,103776.0,1966.0
2021-01-07,South America,128346.0,2175.0
2021-01-08,South America,97114.0,1727.0
2021-01-09,South America,98686.0,1795.0
2021-01-10,South America,61587.0,990.0
2021-01-11,South America,66290.0,1358.0
2021-01-12,South America,102425.0,1790.0
2021-01-13,South America,101853.0,1936.0
2021-01-14,South America,109505.0,1810.0
2021-01-15,South America,129021.0,2057.0
2021-01-16,South America,103838.0,1671.0
2021-01-17,South America,70576.0,1267.0
2021-01-18,South America,53879.0,1398.0
2021-01-19,South America,98987.0,1985.0
2021-01-20,South America,117692.0,2305.0
2021-01-21,South America,97257.0,2133.0
2021-01-22,South America,102569.0,2159.0
2021-01-23,South America,95726.0,1949.0
2021-01-24,South America,67306.0,1600.0
2021-01-25,South America,54378.0,1390.0
2021-01-26,South America,107741.0,2456.0
2021-01-27,South America,97912.0,2008.0
2021-01-28,South America,101514.0,2392.0
2021-01-29,South America,95548.0,2076.0
2021-01-30,South America,99075.0,2380.0
2021-01-31,South America,54657.0,1299.0
2021-02-01,South America,47615.0,1368.0
2021-02-02,South America,85644.0,1999.0
2021-02-03,South America,99539.0,2167.0
2021-02-04,South America,83830.0,1918.0
2021-02-05,South America,82693.0,2179.0
2021-02-06,South America,31921.0,797.0
2021-02-07,South America,108156.0,2400.0
2021-02-08,South America,16115.0,711.0
2021-02-09,South America,105715.0,2888.0
2021-02-10,South America,80298.0,1814.0
2021-02-11,South America,84166.0,2517.0
2021-02-12,South America,81631.0,1873.0
2021-02-13,South America,72617.0,1864.0
2021-02-14,South America,56239.0,1610.0
2021-02-15,South America,48263.0,1156.0
2021-02-16,South America,68630.0,1564.0
2021-02-17,South America,79346.0,1775.0
2021-02-18,South America,80686.0,2327.0
2021-02-19,South America,84031.0,1975.0
2021-02-20,South America,82808.0,1909.0
2021-02-21,South America,58614.0,1303.0
2021-02-22,South America,42452.0,1093.0
2021-02-23,South America,84162.0,1963.0
